AP_unit,bootstrap_replicates,candidate,candidate_mean_AP,candidate_seed_SD,centered_two_sided_bootstrap_p,ci95_high,ci95_low,condition,confidence_scope,control,control_mean_AP,control_seed_SD,effect_size_unit,endpoint,evidence_scope,group,holm_adjusted_p_full_280_cell_family,images,paired_difference,paired_seed_difference_SD,paired_seed_standardized_difference,primary_result,seed_ids,seeds,sequences,undefined_replicates,valid_replicates
fraction_0_to_1,10000,cure_without_temporal,0.3812532888272565,0.00417625084156107,0.0034996500349965005,0.02605068007334172,0.0068756816502964285,factual,sequence_sampling_conditional_on_fixed_trained_seeds,task_only_residual_controller,0.3655524072505793,0.00331258207416185,independent_training_seed_pooled_AP_not_frames,mean_seed_pooled_COCO_AP_difference,audited_exploratory_SEW_2D,all,0.7804219578042196,3151,0.01570088157667713,0.006812370732092016,2.304760294784417,False,"11,23,37,53,71",5,54,0,10000
fraction_0_to_1,10000,cure_without_temporal,0.3812532888272565,0.00417625084156107,0.8891110888911109,0.007365679312156557,-0.010077127764438875,factual,sequence_sampling_conditional_on_fixed_trained_seeds,camera_only,0.3806655484707589,0.004971836982091893,independent_training_seed_pooled_AP_not_frames,mean_seed_pooled_COCO_AP_difference,audited_exploratory_SEW_2D,all,1.0,3151,0.0005877403564976125,0.005242179182150143,0.11211756334062273,False,"11,23,37,53,71",5,54,0,10000
fraction_0_to_1,10000,cure_without_temporal,0.3812532888272565,0.00417625084156107,9.999000099990002e-05,0.4617423541524008,0.33478026722532533,factual,sequence_sampling_conditional_on_fixed_trained_seeds,radar_only,0.003041729964512388,0.00012466851329654042,independent_training_seed_pooled_AP_not_frames,mean_seed_pooled_COCO_AP_difference,audited_exploratory_SEW_2D,all,0.027997200279972004,3151,0.3782115588627441,0.004172194343112971,90.65051331730432,False,"11,23,37,53,71",5,54,0,10000
fraction_0_to_1,10000,cure_without_temporal,0.3812532888272565,0.00417625084156107,0.8396160383961604,0.007266983761693949,-0.007754840066508042,factual,sequence_sampling_conditional_on_fixed_trained_seeds,concat_fusion,0.38050384275997357,0.006154785054122769,independent_training_seed_pooled_AP_not_frames,mean_seed_pooled_COCO_AP_difference,audited_exploratory_SEW_2D,all,1.0,3151,0.0007494460672829107,0.00635287340194274,0.117969620967691,False,"11,23,37,53,71",5,54,0,10000
fraction_0_to_1,10000,cure_without_temporal,0.3812532888272565,0.00417625084156107,0.0105989401059894,0.013514877448408362,0.0014048760270634149,factual,sequence_sampling_conditional_on_fixed_trained_seeds,cross_attention,0.3729278848811154,0.0041444714962930295,independent_training_seed_pooled_AP_not_frames,mean_seed_pooled_COCO_AP_difference,audited_exploratory_SEW_2D,all,1.0,3151,0.008325403946141074,0.005763254562274093,1.4445664088202266,False,"11,23,37,53,71",5,54,0,10000
fraction_0_to_1,10000,cure_without_temporal,0.3812532888272565,0.00417625084156107,0.07529247075292471,0.01181504104954938,-0.0009551848398430679,factual,sequence_sampling_conditional_on_fixed_trained_seeds,matched_corruption_fusion,0.375376868831126,0.00355896771090771,independent_training_seed_pooled_AP_not_frames,mean_seed_pooled_COCO_AP_difference,audited_exploratory_SEW_2D,all,1.0,3151,0.0058764199961305,0.006295170857720828,0.9334806201365062,False,"11,23,37,53,71",5,54,0,10000
fraction_0_to_1,10000,cure_without_temporal,0.3812532888272565,0.00417625084156107,0.0720927907209279,-8.493702588303117e-05,-0.019526650969565355,factual,sequence_sampling_conditional_on_fixed_trained_seeds,modality_dropout,0.39013540158462784,0.005860678299168183,independent_training_seed_pooled_AP_not_frames,mean_seed_pooled_COCO_AP_difference,audited_exploratory_SEW_2D,all,1.0,3151,-0.008882112757371375,0.00832222457120416,-1.067276265063129,False,"11,23,37,53,71",5,54,0,10000
fraction_0_to_1,10000,cure_without_temporal,0.3812532888272565,0.00417625084156107,0.0714928507149285,0.017543774327378508,0.00011117665577239786,factual,sequence_sampling_conditional_on_fixed_trained_seeds,confidence_gate,0.3733631042159713,0.007606743469428607,independent_training_seed_pooled_AP_not_frames,mean_seed_pooled_COCO_AP_difference,audited_exploratory_SEW_2D,all,1.0,3151,0.00789018461128511,0.01093465516793176,0.7215759884614178,False,"11,23,37,53,71",5,54,0,10000
fraction_0_to_1,10000,cure_without_temporal,0.3812532888272565,0.00417625084156107,0.007399260073992601,0.011632106296447038,0.0017984967859897075,factual,sequence_sampling_conditional_on_fixed_trained_seeds,cure_without_uncertainty,0.3743078995904307,0.005861834104148861,independent_training_seed_pooled_AP_not_frames,mean_seed_pooled_COCO_AP_difference,audited_exploratory_SEW_2D,all,1.0,3151,0.00694538923682575,0.006682476490602394,1.0393436096023818,False,"11,23,37,53,71",5,54,0,10000
fraction_0_to_1,10000,cure_without_temporal,0.3812532888272565,0.00417625084156107,0.0026997300269973002,0.009809248268460039,0.0017795326952179432,factual,sequence_sampling_conditional_on_fixed_trained_seeds,cure_without_signed_negative,0.37501167556745,0.005710278223498968,independent_training_seed_pooled_AP_not_frames,mean_seed_pooled_COCO_AP_difference,audited_exploratory_SEW_2D,all,0.6074392560743925,3151,0.006241613259806445,0.005015419358069575,1.244484820549249,False,"11,23,37,53,71",5,54,0,10000
fraction_0_to_1,10000,cure_without_temporal,0.34266399841924133,0.004738289155047793,0.016798320167983202,0.012997457624517005,0.0007943734050189168,factual,sequence_sampling_conditional_on_fixed_trained_seeds,task_only_residual_controller,0.3328989437138168,0.006251590887415388,independent_training_seed_pooled_AP_not_frames,mean_seed_pooled_COCO_AP_difference,audited_exploratory_SEW_2D,natural_adverse,1.0,871,0.00976505470542458,0.007569191088442142,1.290105453981131,False,"11,23,37,53,71",5,11,0,10000
fraction_0_to_1,10000,cure_without_temporal,0.34266399841924133,0.004738289155047793,0.14358564143585642,0.01835106393906863,-0.005511115481752327,factual,sequence_sampling_conditional_on_fixed_trained_seeds,camera_only,0.33371004233602725,0.008006517863325497,independent_training_seed_pooled_AP_not_frames,mean_seed_pooled_COCO_AP_difference,audited_exploratory_SEW_2D,natural_adverse,1.0,871,0.008953956083214087,0.011045425757194543,0.810648342584879,False,"11,23,37,53,71",5,11,0,10000
fraction_0_to_1,10000,cure_without_temporal,0.34266399841924133,0.004738289155047793,9.999000099990002e-05,0.4280151406369612,0.2770738649280073,factual,sequence_sampling_conditional_on_fixed_trained_seeds,radar_only,0.0030243822143154867,0.00014810700274913439,independent_training_seed_pooled_AP_not_frames,mean_seed_pooled_COCO_AP_difference,audited_exploratory_SEW_2D,natural_adverse,0.027997200279972004,871,0.3396396162049259,0.00486020872117194,69.88169350122658,False,"11,23,37,53,71",5,11,0,10000
fraction_0_to_1,10000,cure_without_temporal,0.34266399841924133,0.004738289155047793,0.0704929507049295,0.01825955156108617,-0.0030518826268301795,factual,sequence_sampling_conditional_on_fixed_trained_seeds,concat_fusion,0.3328692286878196,0.006449519629375992,independent_training_seed_pooled_AP_not_frames,mean_seed_pooled_COCO_AP_difference,audited_exploratory_SEW_2D,natural_adverse,1.0,871,0.00979476973142176,0.004068639758874296,2.407381904494725,False,"11,23,37,53,71",5,11,0,10000
fraction_0_to_1,10000,cure_without_temporal,0.34266399841924133,0.004738289155047793,0.06239376062393761,0.022288446949106994,-0.0006976983064867478,factual,sequence_sampling_conditional_on_fixed_trained_seeds,cross_attention,0.3318460634313648,0.004716250945502734,independent_training_seed_pooled_AP_not_frames,mean_seed_pooled_COCO_AP_difference,audited_exploratory_SEW_2D,natural_adverse,1.0,871,0.010817934987876554,0.005197724632070829,2.081282821550047,False,"11,23,37,53,71",5,11,0,10000
fraction_0_to_1,10000,cure_without_temporal,0.34266399841924133,0.004738289155047793,0.44445555444455553,0.012026922266977656,-0.006403454719586804,factual,sequence_sampling_conditional_on_fixed_trained_seeds,matched_corruption_fusion,0.3390820367105419,0.0012366641604809965,independent_training_seed_pooled_AP_not_frames,mean_seed_pooled_COCO_AP_difference,audited_exploratory_SEW_2D,natural_adverse,1.0,871,0.003581961708699466,0.004906937066596881,0.7299791417915356,False,"11,23,37,53,71",5,11,0,10000
fraction_0_to_1,10000,cure_without_temporal,0.34266399841924133,0.004738289155047793,0.10598940105989402,0.003430270823062644,-0.01796455845159851,factual,sequence_sampling_conditional_on_fixed_trained_seeds,modality_dropout,0.35118897011316585,0.005227431967262895,independent_training_seed_pooled_AP_not_frames,mean_seed_pooled_COCO_AP_difference,audited_exploratory_SEW_2D,natural_adverse,1.0,871,-0.008524971693924488,0.0061791554318950245,-1.379633800749053,False,"11,23,37,53,71",5,11,0,10000
fraction_0_to_1,10000,cure_without_temporal,0.34266399841924133,0.004738289155047793,0.8562143785621438,0.005461584183314046,-0.010088468846215799,factual,sequence_sampling_conditional_on_fixed_trained_seeds,confidence_gate,0.34198791454004995,0.007476160559706089,independent_training_seed_pooled_AP_not_frames,mean_seed_pooled_COCO_AP_difference,audited_exploratory_SEW_2D,natural_adverse,1.0,871,0.0006760838791914026,0.011233749053219479,0.06018328128823955,False,"11,23,37,53,71",5,11,0,10000
fraction_0_to_1,10000,cure_without_temporal,0.34266399841924133,0.004738289155047793,0.22047795220477953,0.00890969061486083,-0.005240993430458912,factual,sequence_sampling_conditional_on_fixed_trained_seeds,cure_without_uncertainty,0.33802575115436106,0.009032960804302919,independent_training_seed_pooled_AP_not_frames,mean_seed_pooled_COCO_AP_difference,audited_exploratory_SEW_2D,natural_adverse,1.0,871,0.004638247264880302,0.011596031673884843,0.39998573609677107,False,"11,23,37,53,71",5,11,0,10000
fraction_0_to_1,10000,cure_without_temporal,0.34266399841924133,0.004738289155047793,0.18118188181181882,0.006122927411224382,-0.0014484459583401666,factual,sequence_sampling_conditional_on_fixed_trained_seeds,cure_without_signed_negative,0.3401404647355946,0.0029965679250157306,independent_training_seed_pooled_AP_not_frames,mean_seed_pooled_COCO_AP_difference,audited_exploratory_SEW_2D,natural_adverse,1.0,871,0.0025235336836467283,0.004814464866443943,0.524156630830429,False,"11,23,37,53,71",5,11,0,10000
fraction_0_to_1,10000,cure_without_temporal,0.41456636382821,0.006524196463021363,0.010998900109989001,0.03731618702946086,0.005666516786354299,factual,sequence_sampling_conditional_on_fixed_trained_seeds,task_only_residual_controller,0.39391641282478196,0.005438091949348167,independent_training_seed_pooled_AP_not_frames,mean_seed_pooled_COCO_AP_difference,audited_exploratory_SEW_2D,non_adverse,1.0,2280,0.020649951003428025,0.010582272304571975,1.951372106962925,False,"11,23,37,53,71",5,43,0,10000
fraction_0_to_1,10000,cure_without_temporal,0.41456636382821,0.006524196463021363,0.30516948305169483,0.003263402873420475,-0.021054798273409652,factual,sequence_sampling_conditional_on_fixed_trained_seeds,camera_only,0.42061386682055046,0.004635991082453043,independent_training_seed_pooled_AP_not_frames,mean_seed_pooled_COCO_AP_difference,audited_exploratory_SEW_2D,non_adverse,1.0,2280,-0.006047502992340403,0.006648977482206024,-0.9095387987889438,False,"11,23,37,53,71",5,43,0,10000
fraction_0_to_1,10000,cure_without_temporal,0.41456636382821,0.006524196463021363,9.999000099990002e-05,0.506702823895272,0.3600852423431335,factual,sequence_sampling_conditional_on_fixed_trained_seeds,radar_only,0.0031921277938021303,0.0001680609229955346,independent_training_seed_pooled_AP_not_frames,mean_seed_pooled_COCO_AP_difference,audited_exploratory_SEW_2D,non_adverse,0.027997200279972004,2280,0.4113742360344078,0.006508551366606658,63.20519157996362,False,"11,23,37,53,71",5,43,0,10000
fraction_0_to_1,10000,cure_without_temporal,0.41456636382821,0.006524196463021363,0.21347865213478653,0.0031594571205824738,-0.016855070713072202,factual,sequence_sampling_conditional_on_fixed_trained_seeds,concat_fusion,0.42071811362531386,0.010556206971801237,independent_training_seed_pooled_AP_not_frames,mean_seed_pooled_COCO_AP_difference,audited_exploratory_SEW_2D,non_adverse,1.0,2280,-0.006151749797103856,0.012934614419361754,-0.4756036475192747,False,"11,23,37,53,71",5,43,0,10000
fraction_0_to_1,10000,cure_without_temporal,0.41456636382821,0.006524196463021363,0.1705829417058294,0.012965328293240772,-0.003174353590105243,factual,sequence_sampling_conditional_on_fixed_trained_seeds,cross_attention,0.4091242876354412,0.004220013319202866,independent_training_seed_pooled_AP_not_frames,mean_seed_pooled_COCO_AP_difference,audited_exploratory_SEW_2D,non_adverse,1.0,2280,0.005442076192768819,0.006808443745388042,0.7993127939780975,False,"11,23,37,53,71",5,43,0,10000
fraction_0_to_1,10000,cure_without_temporal,0.41456636382821,0.006524196463021363,0.09599040095990401,0.013376125881414515,-0.0022466165609061417,factual,sequence_sampling_conditional_on_fixed_trained_seeds,matched_corruption_fusion,0.4077491848094604,0.005324550048951765,independent_training_seed_pooled_AP_not_frames,mean_seed_pooled_COCO_AP_difference,audited_exploratory_SEW_2D,non_adverse,1.0,2280,0.0068171790187496195,0.01014545757978751,0.671943967547731,False,"11,23,37,53,71",5,43,0,10000
fraction_0_to_1,10000,cure_without_temporal,0.41456636382821,0.006524196463021363,0.18798120187981202,0.0021186761981666505,-0.025491147485496368,factual,sequence_sampling_conditional_on_fixed_trained_seeds,modality_dropout,0.42390925827834874,0.006158552852879427,independent_training_seed_pooled_AP_not_frames,mean_seed_pooled_COCO_AP_difference,audited_exploratory_SEW_2D,non_adverse,1.0,2280,-0.00934289445013876,0.00926563946252271,-1.0083377934063298,False,"11,23,37,53,71",5,43,0,10000
fraction_0_to_1,10000,cure_without_temporal,0.41456636382821,0.006524196463021363,0.0405959404059594,0.027691988383203886,0.0023549941907522773,factual,sequence_sampling_conditional_on_fixed_trained_seeds,confidence_gate,0.401545794056328,0.00908143084944319,independent_training_seed_pooled_AP_not_frames,mean_seed_pooled_COCO_AP_difference,audited_exploratory_SEW_2D,non_adverse,1.0,2280,0.013020569771882018,0.014078911084879785,0.9248278999265515,False,"11,23,37,53,71",5,43,0,10000
fraction_0_to_1,10000,cure_without_temporal,0.41456636382821,0.006524196463021363,0.006899310068993101,0.01397554877379753,0.002276730518085295,factual,sequence_sampling_conditional_on_fixed_trained_seeds,cure_without_uncertainty,0.40645915132068267,0.010505112019228534,independent_training_seed_pooled_AP_not_frames,mean_seed_pooled_COCO_AP_difference,audited_exploratory_SEW_2D,non_adverse,1.0,2280,0.008107212507527295,0.007400898544481548,1.0954362445047172,False,"11,23,37,53,71",5,43,0,10000
fraction_0_to_1,10000,cure_without_temporal,0.41456636382821,0.006524196463021363,0.011698830116988301,0.012715096427315574,0.001272890700310722,factual,sequence_sampling_conditional_on_fixed_trained_seeds,cure_without_signed_negative,0.4066836276983154,0.008909736863077477,independent_training_seed_pooled_AP_not_frames,mean_seed_pooled_COCO_AP_difference,audited_exploratory_SEW_2D,non_adverse,1.0,2280,0.007882736129894563,0.008340360601183837,0.9451313326639237,False,"11,23,37,53,71",5,43,0,10000
fraction_0_to_1,10000,cure_without_temporal,0.3380296056307187,0.010563302118454923,0.8937106289371063,0.014076851511117594,-0.017586440928323843,factual,sequence_sampling_conditional_on_fixed_trained_seeds,task_only_residual_controller,0.3374751098256127,0.01774988989719902,independent_training_seed_pooled_AP_not_frames,mean_seed_pooled_COCO_AP_difference,audited_exploratory_SEW_2D,rain,1.0,182,0.0005544958051060589,0.021998870578119945,0.02520564876896725,False,"11,23,37,53,71",5,4,0,10000
fraction_0_to_1,10000,cure_without_temporal,0.3380296056307187,0.010563302118454923,0.8559144085591441,0.010089963942440772,-0.02114671373411553,factual,sequence_sampling_conditional_on_fixed_trained_seeds,camera_only,0.340047881360516,0.015945221263414504,independent_training_seed_pooled_AP_not_frames,mean_seed_pooled_COCO_AP_difference,audited_exploratory_SEW_2D,rain,1.0,182,-0.0020182757297973032,0.01570278950421933,-0.12852975767490188,False,"11,23,37,53,71",5,4,0,10000
fraction_0_to_1,10000,cure_without_temporal,0.3380296056307187,0.010563302118454923,9.999000099990002e-05,0.3844463997610765,0.2929507107073318,factual,sequence_sampling_conditional_on_fixed_trained_seeds,radar_only,0.0033911844335827363,0.00022554447670139748,independent_training_seed_pooled_AP_not_frames,mean_seed_pooled_COCO_AP_difference,audited_exploratory_SEW_2D,rain,0.027997200279972004,182,0.334638421197136,0.010778886218626688,31.045732778852127,False,"11,23,37,53,71",5,4,0,10000
fraction_0_to_1,10000,cure_without_temporal,0.3380296056307187,0.010563302118454923,0.8933106689331067,0.02589664900327371,-0.029488651760326223,factual,sequence_sampling_conditional_on_fixed_trained_seeds,concat_fusion,0.3382714877609204,0.00565388611814451,independent_training_seed_pooled_AP_not_frames,mean_seed_pooled_COCO_AP_difference,audited_exploratory_SEW_2D,rain,1.0,182,-0.00024188213020169823,0.012377955171652268,-0.01954136421140477,False,"11,23,37,53,71",5,4,0,10000
fraction_0_to_1,10000,cure_without_temporal,0.3380296056307187,0.010563302118454923,0.9097090290970903,0.016270844510544336,-0.026743951191056825,factual,sequence_sampling_conditional_on_fixed_trained_seeds,cross_attention,0.338320397184555,0.01461005189401261,independent_training_seed_pooled_AP_not_frames,mean_seed_pooled_COCO_AP_difference,audited_exploratory_SEW_2D,rain,1.0,182,-0.00029079155383624487,0.023770877777867863,-0.012233101215428803,False,"11,23,37,53,71",5,4,0,10000
fraction_0_to_1,10000,cure_without_temporal,0.3380296056307187,0.010563302118454923,0.17818218178182182,0.0008509120141023119,-0.02622531656057986,factual,sequence_sampling_conditional_on_fixed_trained_seeds,matched_corruption_fusion,0.3489767284970073,0.006114803220801018,independent_training_seed_pooled_AP_not_frames,mean_seed_pooled_COCO_AP_difference,audited_exploratory_SEW_2D,rain,1.0,182,-0.010947122866288572,0.012474143691943449,-0.8775851181960396,False,"11,23,37,53,71",5,4,0,10000
fraction_0_to_1,10000,cure_without_temporal,0.3380296056307187,0.010563302118454923,0.7042295770422957,0.007334357300932182,-0.01988242264621015,factual,sequence_sampling_conditional_on_fixed_trained_seeds,modality_dropout,0.3412254960057124,0.005821317920272441,independent_training_seed_pooled_AP_not_frames,mean_seed_pooled_COCO_AP_difference,audited_exploratory_SEW_2D,rain,1.0,182,-0.0031958903749936484,0.011572917165340561,-0.2761525317544776,False,"11,23,37,53,71",5,4,0,10000
fraction_0_to_1,10000,cure_without_temporal,0.3380296056307187,0.010563302118454923,0.7909209079092091,0.010645219376535342,-0.00654340515974694,factual,sequence_sampling_conditional_on_fixed_trained_seeds,confidence_gate,0.33731208325568435,0.014606337630759473,independent_training_seed_pooled_AP_not_frames,mean_seed_pooled_COCO_AP_difference,audited_exploratory_SEW_2D,rain,1.0,182,0.0007175223750343629,0.01317324833920551,0.05446814305465658,False,"11,23,37,53,71",5,4,0,10000
fraction_0_to_1,10000,cure_without_temporal,0.3380296056307187,0.010563302118454923,0.6634336566343366,0.014821545240090772,-0.015492698439264485,factual,sequence_sampling_conditional_on_fixed_trained_seeds,cure_without_uncertainty,0.3351397139087597,0.013033912965763195,independent_training_seed_pooled_AP_not_frames,mean_seed_pooled_COCO_AP_difference,audited_exploratory_SEW_2D,rain,1.0,182,0.0028898917219590146,0.016905338198321292,0.17094551366301458,False,"11,23,37,53,71",5,4,0,10000
fraction_0_to_1,10000,cure_without_temporal,0.3380296056307187,0.010563302118454923,0.5984401559844016,0.018638668259805646,-0.008001366696462842,factual,sequence_sampling_conditional_on_fixed_trained_seeds,cure_without_signed_negative,0.3366673611894808,0.010819917710579972,independent_training_seed_pooled_AP_not_frames,mean_seed_pooled_COCO_AP_difference,audited_exploratory_SEW_2D,rain,1.0,182,0.001362244441237903,0.009213966006734712,0.14784561178565295,False,"11,23,37,53,71",5,4,0,10000
fraction_0_to_1,10000,cure_without_temporal,0.4339686076596454,0.015383126846364248,0.0217978202179782,0.018639686110093034,0.004505651014817036,factual,sequence_sampling_conditional_on_fixed_trained_seeds,task_only_residual_controller,0.42447976512940944,0.007096239145047609,independent_training_seed_pooled_AP_not_frames,mean_seed_pooled_COCO_AP_difference,audited_exploratory_SEW_2D,snow,1.0,182,0.009488842530235986,0.015024406514161044,0.6315618870730375,False,"11,23,37,53,71",5,4,0,10000
fraction_0_to_1,10000,cure_without_temporal,0.4339686076596454,0.015383126846364248,0.06159384061593841,0.028591286090661694,-0.016038223182023803,factual,sequence_sampling_conditional_on_fixed_trained_seeds,camera_only,0.40743857897511493,0.012435892071102421,independent_training_seed_pooled_AP_not_frames,mean_seed_pooled_COCO_AP_difference,audited_exploratory_SEW_2D,snow,1.0,182,0.02653002868453048,0.016569518016548268,1.6011346050038677,False,"11,23,37,53,71",5,4,0,10000
fraction_0_to_1,10000,cure_without_temporal,0.4339686076596454,0.015383126846364248,9.999000099990002e-05,0.4516800801690725,0.3502448636685657,factual,sequence_sampling_conditional_on_fixed_trained_seeds,radar_only,0.0055846306317573514,0.0004623864002037723,independent_training_seed_pooled_AP_not_frames,mean_seed_pooled_COCO_AP_difference,audited_exploratory_SEW_2D,snow,0.027997200279972004,182,0.4283839770278881,0.01538704020204189,27.84057046728459,False,"11,23,37,53,71",5,4,0,10000
fraction_0_to_1,10000,cure_without_temporal,0.4339686076596454,0.015383126846364248,0.1897810218978102,0.02285189168564372,-0.0421937731053072,factual,sequence_sampling_conditional_on_fixed_trained_seeds,concat_fusion,0.42237244646819266,0.013995796490771767,independent_training_seed_pooled_AP_not_frames,mean_seed_pooled_COCO_AP_difference,audited_exploratory_SEW_2D,snow,1.0,182,0.011596161191452714,0.02519728993036846,0.4602146192506482,False,"11,23,37,53,71",5,4,0,10000
fraction_0_to_1,10000,cure_without_temporal,0.4339686076596454,0.015383126846364248,0.06159384061593841,0.018157494396925655,-0.027168411224671174,factual,sequence_sampling_conditional_on_fixed_trained_seeds,cross_attention,0.41773814558812583,0.015631152213893554,independent_training_seed_pooled_AP_not_frames,mean_seed_pooled_COCO_AP_difference,audited_exploratory_SEW_2D,snow,1.0,182,0.01623046207151955,0.030172912554038492,0.5379149938691346,False,"11,23,37,53,71",5,4,0,10000
fraction_0_to_1,10000,cure_without_temporal,0.4339686076596454,0.015383126846364248,0.7108289171082892,0.017305968827708795,-0.011289937229500668,factual,sequence_sampling_conditional_on_fixed_trained_seeds,matched_corruption_fusion,0.4318257172899922,0.01497400196666826,independent_training_seed_pooled_AP_not_frames,mean_seed_pooled_COCO_AP_difference,audited_exploratory_SEW_2D,snow,1.0,182,0.0021428903696532387,0.009459593489518615,0.22653091509985038,False,"11,23,37,53,71",5,4,0,10000
fraction_0_to_1,10000,cure_without_temporal,0.4339686076596454,0.015383126846364248,0.34336566343365665,0.024667194032864936,-0.018904299884849096,factual,sequence_sampling_conditional_on_fixed_trained_seeds,modality_dropout,0.42183807922836747,0.009865115148869775,independent_training_seed_pooled_AP_not_frames,mean_seed_pooled_COCO_AP_difference,audited_exploratory_SEW_2D,snow,1.0,182,0.012130528431277932,0.019304114634223882,0.6283908203576433,False,"11,23,37,53,71",5,4,0,10000
fraction_0_to_1,10000,cure_without_temporal,0.4339686076596454,0.015383126846364248,0.8148185181481852,0.010940256700217588,-0.01121254715641501,factual,sequence_sampling_conditional_on_fixed_trained_seeds,confidence_gate,0.4350975188133616,0.008406780338046104,independent_training_seed_pooled_AP_not_frames,mean_seed_pooled_COCO_AP_difference,audited_exploratory_SEW_2D,snow,1.0,182,-0.0011289111537162166,0.012339412935585822,-0.09148823850934856,False,"11,23,37,53,71",5,4,0,10000
fraction_0_to_1,10000,cure_without_temporal,0.4339686076596454,0.015383126846364248,0.37506249375062495,0.01021805542866061,-0.022160765828220463,factual,sequence_sampling_conditional_on_fixed_trained_seeds,cure_without_uncertainty,0.4385419827573592,0.012908670624433734,independent_training_seed_pooled_AP_not_frames,mean_seed_pooled_COCO_AP_difference,audited_exploratory_SEW_2D,snow,1.0,182,-0.004573375097713816,0.020959462036669912,-0.2182009771869338,False,"11,23,37,53,71",5,4,0,10000
fraction_0_to_1,10000,cure_without_temporal,0.4339686076596454,0.015383126846364248,0.8784121587841216,0.0032417102265913655,-0.008564964393214802,factual,sequence_sampling_conditional_on_fixed_trained_seeds,cure_without_signed_negative,0.43346324001782605,0.0181343326032543,independent_training_seed_pooled_AP_not_frames,mean_seed_pooled_COCO_AP_difference,audited_exploratory_SEW_2D,snow,1.0,182,0.0005053676418194097,0.008678314534466438,0.05823338619639935,False,"11,23,37,53,71",5,4,0,10000
fraction_0_to_1,10000,cure_without_temporal,0.27256558984586754,0.0076997699685928895,9.999000099990002e-05,0.009076036742437038,0.0002669468595828117,factual,sequence_sampling_conditional_on_fixed_trained_seeds,task_only_residual_controller,0.2643396090239701,0.011184058758712678,independent_training_seed_pooled_AP_not_frames,mean_seed_pooled_COCO_AP_difference,audited_exploratory_SEW_2D,night,0.027997200279972004,507,0.008225980821897438,0.015434917147360937,0.5329462246775919,False,"11,23,37,53,71",5,3,0,10000
fraction_0_to_1,10000,cure_without_temporal,0.27256558984586754,0.0076997699685928895,0.7735226477352265,0.0048295671784846506,-0.010428639781333626,factual,sequence_sampling_conditional_on_fixed_trained_seeds,camera_only,0.27392802331195076,0.011763263340673683,independent_training_seed_pooled_AP_not_frames,mean_seed_pooled_COCO_AP_difference,audited_exploratory_SEW_2D,night,1.0,507,-0.0013624334660832683,0.01161085512030291,-0.11734135444519476,False,"11,23,37,53,71",5,3,0,10000
fraction_0_to_1,10000,cure_without_temporal,0.27256558984586754,0.0076997699685928895,9.999000099990002e-05,0.49492741911937377,0.2086147897332089,factual,sequence_sampling_conditional_on_fixed_trained_seeds,radar_only,0.002511897857991198,0.00021377076772080266,independent_training_seed_pooled_AP_not_frames,mean_seed_pooled_COCO_AP_difference,audited_exploratory_SEW_2D,night,0.027997200279972004,507,0.2700536919878763,0.007851048039938736,34.39715189795013,False,"11,23,37,53,71",5,3,0,10000
fraction_0_to_1,10000,cure_without_temporal,0.27256558984586754,0.0076997699685928895,0.0770922907709229,0.008632686950042129,-0.0017997415478342438,factual,sequence_sampling_conditional_on_fixed_trained_seeds,concat_fusion,0.2675037392094849,0.007093798006943471,independent_training_seed_pooled_AP_not_frames,mean_seed_pooled_COCO_AP_difference,audited_exploratory_SEW_2D,night,1.0,507,0.005061850636382681,0.007135283652899921,0.7094112697713768,False,"11,23,37,53,71",5,3,0,10000
fraction_0_to_1,10000,cure_without_temporal,0.27256558984586754,0.0076997699685928895,0.291970802919708,0.013169787092939006,-0.0014139880517672898,factual,sequence_sampling_conditional_on_fixed_trained_seeds,cross_attention,0.2711590975518398,0.01630661815623345,independent_training_seed_pooled_AP_not_frames,mean_seed_pooled_COCO_AP_difference,audited_exploratory_SEW_2D,night,1.0,507,0.0014064922940276836,0.0170341426906943,0.08256900975686003,False,"11,23,37,53,71",5,3,0,10000
fraction_0_to_1,10000,cure_without_temporal,0.27256558984586754,0.0076997699685928895,0.5097490250974902,0.007376926701499614,-0.01232333978333322,factual,sequence_sampling_conditional_on_fixed_trained_seeds,matched_corruption_fusion,0.26717528247568084,0.0024320176142368526,independent_training_seed_pooled_AP_not_frames,mean_seed_pooled_COCO_AP_difference,audited_exploratory_SEW_2D,night,1.0,507,0.005390307370186675,0.008768495340441164,0.6147357284123819,False,"11,23,37,53,71",5,3,0,10000
fraction_0_to_1,10000,cure_without_temporal,0.27256558984586754,0.0076997699685928895,9.999000099990002e-05,-0.007494337778291005,-0.027842472028760445,factual,sequence_sampling_conditional_on_fixed_trained_seeds,modality_dropout,0.28747510492899486,0.014407506370965805,independent_training_seed_pooled_AP_not_frames,mean_seed_pooled_COCO_AP_difference,audited_exploratory_SEW_2D,night,0.027997200279972004,507,-0.0149095150831273,0.01701500128866781,-0.8762570645855438,False,"11,23,37,53,71",5,3,0,10000
fraction_0_to_1,10000,cure_without_temporal,0.27256558984586754,0.0076997699685928895,9.999000099990002e-05,-0.0028664990039807825,-0.019876342898513033,factual,sequence_sampling_conditional_on_fixed_trained_seeds,confidence_gate,0.2826134499228855,0.012119374987403207,independent_training_seed_pooled_AP_not_frames,mean_seed_pooled_COCO_AP_difference,audited_exploratory_SEW_2D,night,0.027997200279972004,507,-0.010047860077017978,0.016705510543688535,-0.6014697994856634,False,"11,23,37,53,71",5,3,0,10000
fraction_0_to_1,10000,cure_without_temporal,0.27256558984586754,0.0076997699685928895,0.5097490250974902,0.010803161245539428,-0.010893941580678912,factual,sequence_sampling_conditional_on_fixed_trained_seeds,cure_without_uncertainty,0.2755958651777428,0.008177360137990277,independent_training_seed_pooled_AP_not_frames,mean_seed_pooled_COCO_AP_difference,audited_exploratory_SEW_2D,night,1.0,507,-0.0030302753318752983,0.011211529522014249,-0.27028206329254556,False,"11,23,37,53,71",5,3,0,10000
fraction_0_to_1,10000,cure_without_temporal,0.27256558984586754,0.0076997699685928895,0.5500449955004499,0.003296650927675282,-0.002735880902311555,factual,sequence_sampling_conditional_on_fixed_trained_seeds,cure_without_signed_negative,0.2695362136634522,0.0043822747142810235,independent_training_seed_pooled_AP_not_frames,mean_seed_pooled_COCO_AP_difference,audited_exploratory_SEW_2D,night,1.0,507,0.0030293761824153444,0.008979153935060255,0.3373788003106571,False,"11,23,37,53,71",5,3,0,10000
fraction_0_to_1,10000,cure_without_temporal,1.8229902244556195e-05,2.8193017512204722e-05,0.4978502149785021,5.460964430161192e-05,-8.978891116172276e-06,camera_absent,sequence_sampling_conditional_on_fixed_trained_seeds,task_only_residual_controller,7.372961639035022e-06,1.4826641851759905e-05,independent_training_seed_pooled_AP_not_frames,mean_seed_pooled_COCO_AP_difference,audited_exploratory_SEW_2D,all,1.0,3151,1.0856940605521176e-05,3.533442630043896e-05,0.3072623993724302,False,"11,23,37,53,71",5,54,0,10000
fraction_0_to_1,10000,cure_without_temporal,1.8229902244556195e-05,2.8193017512204722e-05,0.48995100489951005,4.36782520985259e-05,-0.0004614179349400133,camera_absent,sequence_sampling_conditional_on_fixed_trained_seeds,camera_only,0.00011432935636674239,2.8941116103488643e-05,independent_training_seed_pooled_AP_not_frames,mean_seed_pooled_COCO_AP_difference,audited_exploratory_SEW_2D,all,1.0,3151,-9.609945412218617e-05,2.9600671659040744e-05,-3.2465295122056843,False,"11,23,37,53,71",5,54,0,10000
fraction_0_to_1,10000,cure_without_temporal,1.8229902244556195e-05,2.8193017512204722e-05,9.999000099990002e-05,-0.0025769836169735128,-0.003745086507386772,camera_absent,sequence_sampling_conditional_on_fixed_trained_seeds,radar_only,0.003041729964512388,0.00012466851329654042,independent_training_seed_pooled_AP_not_frames,mean_seed_pooled_COCO_AP_difference,audited_exploratory_SEW_2D,all,0.027997200279972004,3151,-0.003023500062267832,0.00011338448462429768,-26.665906471121467,False,"11,23,37,53,71",5,54,0,10000
fraction_0_to_1,10000,cure_without_temporal,1.8229902244556195e-05,2.8193017512204722e-05,0.5793420657934206,4.23268564932816e-05,-9.825200013313312e-05,camera_absent,sequence_sampling_conditional_on_fixed_trained_seeds,concat_fusion,3.186287758819541e-05,1.6812195944471885e-05,independent_training_seed_pooled_AP_not_frames,mean_seed_pooled_COCO_AP_difference,audited_exploratory_SEW_2D,all,1.0,3151,-1.3632975343639218e-05,1.605341995572346e-05,-0.8492256093243676,False,"11,23,37,53,71",5,54,0,10000
fraction_0_to_1,10000,cure_without_temporal,1.8229902244556195e-05,2.8193017512204722e-05,0.7047295270472953,4.8790442576315255e-05,-6.027972347412323e-05,camera_absent,sequence_sampling_conditional_on_fixed_trained_seeds,cross_attention,2.7871943991330123e-05,3.5225409006899335e-05,independent_training_seed_pooled_AP_not_frames,mean_seed_pooled_COCO_AP_difference,audited_exploratory_SEW_2D,all,1.0,3151,-9.642041746773929e-06,5.256666294564139e-05,-0.1834250303608707,False,"11,23,37,53,71",5,54,0,10000
fraction_0_to_1,10000,cure_without_temporal,1.8229902244556195e-05,2.8193017512204722e-05,0.2263773622637736,4.556965147869649e-05,-0.00012059376187200025,camera_absent,sequence_sampling_conditional_on_fixed_trained_seeds,matched_corruption_fusion,0.00011550884346399337,0.00012608634401012879,independent_training_seed_pooled_AP_not_frames,mean_seed_pooled_COCO_AP_difference,audited_exploratory_SEW_2D,all,1.0,3151,-9.727894121943715e-05,0.00010434670814820377,-0.9322665079311533,False,"11,23,37,53,71",5,54,0,10000
fraction_0_to_1,10000,cure_without_temporal,1.8229902244556195e-05,2.8193017512204722e-05,9.999000099990002e-05,-0.0021195456758331703,-0.003005223036034706,camera_absent,sequence_sampling_conditional_on_fixed_trained_seeds,modality_dropout,0.002463908929309179,0.00014644111201588688,independent_training_seed_pooled_AP_not_frames,mean_seed_pooled_COCO_AP_difference,audited_exploratory_SEW_2D,all,0.027997200279972004,3151,-0.002445679027064623,0.00015033560571727232,-16.268128999753216,False,"11,23,37,53,71",5,54,0,10000
fraction_0_to_1,10000,cure_without_temporal,1.8229902244556195e-05,2.8193017512204722e-05,0.8012198780121987,3.711479945730284e-05,-3.0826084337015195e-05,camera_absent,sequence_sampling_conditional_on_fixed_trained_seeds,confidence_gate,2.1989105288825648e-05,2.710330035640579e-05,independent_training_seed_pooled_AP_not_frames,mean_seed_pooled_COCO_AP_difference,audited_exploratory_SEW_2D,all,1.0,3151,-3.759203044269452e-06,2.5771996880850357e-05,-0.14586386385382086,False,"11,23,37,53,71",5,54,0,10000
fraction_0_to_1,10000,cure_without_temporal,1.8229902244556195e-05,2.8193017512204722e-05,0.45025497450254975,5.303211699315952e-05,-5.420784717727164e-06,camera_absent,sequence_sampling_conditional_on_fixed_trained_seeds,cure_without_uncertainty,6.969068481632109e-06,8.389622216384963e-06,independent_training_seed_pooled_AP_not_frames,mean_seed_pooled_COCO_AP_difference,audited_exploratory_SEW_2D,all,1.0,3151,1.1260833762924086e-05,3.384474764795051e-05,0.3327202755375247,False,"11,23,37,53,71",5,54,0,10000
fraction_0_to_1,10000,cure_without_temporal,1.8229902244556195e-05,2.8193017512204722e-05,0.708929107089291,4.493888980562258e-05,-6.861002340287272e-05,camera_absent,sequence_sampling_conditional_on_fixed_trained_seeds,cure_without_signed_negative,2.6864136413379476e-05,4.831859029982655e-05,independent_training_seed_pooled_AP_not_frames,mean_seed_pooled_COCO_AP_difference,audited_exploratory_SEW_2D,all,1.0,3151,-8.634234168823278e-06,2.0516224817977465e-05,-0.42084907167021673,False,"11,23,37,53,71",5,54,0,10000
fraction_0_to_1,10000,cure_without_temporal,8.498892795393444e-07,1.8980735283407196e-06,0.025197480251974803,-3.142387031738761e-08,-1.9466586988945375e-05,camera_absent,sequence_sampling_conditional_on_fixed_trained_seeds,task_only_residual_controller,1.0938307774171669e-05,2.4455864474659173e-05,independent_training_seed_pooled_AP_not_frames,mean_seed_pooled_COCO_AP_difference,audited_exploratory_SEW_2D,natural_adverse,1.0,871,-1.0088418494632326e-05,2.4998657076477904e-05,-0.4035584177089603,False,"11,23,37,53,71",5,11,0,10000
fraction_0_to_1,10000,cure_without_temporal,8.498892795393444e-07,1.8980735283407196e-06,0.2091790820917908,7.358984139231425e-07,-2.0582804438889745e-05,camera_absent,sequence_sampling_conditional_on_fixed_trained_seeds,camera_only,9.303786643593798e-06,4.41562163883394e-06,independent_training_seed_pooled_AP_not_frames,mean_seed_pooled_COCO_AP_difference,audited_exploratory_SEW_2D,natural_adverse,1.0,871,-8.453897364054453e-06,4.527978736830721e-06,-1.8670355704831796,False,"11,23,37,53,71",5,11,0,10000
fraction_0_to_1,10000,cure_without_temporal,8.498892795393444e-07,1.8980735283407196e-06,0.0011998800119988001,-0.0024405165958367547,-0.004540471406320162,camera_absent,sequence_sampling_conditional_on_fixed_trained_seeds,radar_only,0.0030243822143154867,0.00014810700274913439,independent_training_seed_pooled_AP_not_frames,mean_seed_pooled_COCO_AP_difference,audited_exploratory_SEW_2D,natural_adverse,0.27117288271172885,871,-0.003023532325035947,0.00014822282232577604,-20.398561284918625,False,"11,23,37,53,71",5,11,0,10000
fraction_0_to_1,10000,cure_without_temporal,8.498892795393444e-07,1.8980735283407196e-06,0.23477652234776522,6.243969120996911e-07,-3.569088319282348e-05,camera_absent,sequence_sampling_conditional_on_fixed_trained_seeds,concat_fusion,1.1372055345850516e-05,2.1892938116560703e-06,independent_training_seed_pooled_AP_not_frames,mean_seed_pooled_COCO_AP_difference,audited_exploratory_SEW_2D,natural_adverse,1.0,871,-1.052216606631117e-05,2.341140235664319e-06,-4.494462102705016,False,"11,23,37,53,71",5,11,0,10000
fraction_0_to_1,10000,cure_without_temporal,8.498892795393444e-07,1.8980735283407196e-06,0.11428857114288571,8.316593309029314e-07,-3.531256221079436e-06,camera_absent,sequence_sampling_conditional_on_fixed_trained_seeds,cross_attention,2.6360705939489115e-06,1.952036964887503e-06,independent_training_seed_pooled_AP_not_frames,mean_seed_pooled_COCO_AP_difference,audited_exploratory_SEW_2D,natural_adverse,1.0,871,-1.786181314409567e-06,2.975250365348758e-06,-0.6003465574569189,False,"11,23,37,53,71",5,11,0,10000
fraction_0_to_1,10000,cure_without_temporal,8.498892795393444e-07,1.8980735283407196e-06,0.10838916108389161,-1.8376159584496853e-07,-5.3047663268253656e-05,camera_absent,sequence_sampling_conditional_on_fixed_trained_seeds,matched_corruption_fusion,1.9827077143309646e-05,3.5546632080274577e-05,independent_training_seed_pooled_AP_not_frames,mean_seed_pooled_COCO_AP_difference,audited_exploratory_SEW_2D,natural_adverse,1.0,871,-1.89771878637703e-05,3.612904488522155e-05,-0.5252612662210965,False,"11,23,37,53,71",5,11,0,10000
fraction_0_to_1,10000,cure_without_temporal,8.498892795393444e-07,1.8980735283407196e-06,9.999000099990002e-05,-0.0020656132567051584,-0.003393820965729182,camera_absent,sequence_sampling_conditional_on_fixed_trained_seeds,modality_dropout,0.0025464017700974092,0.00015495389200710253,independent_training_seed_pooled_AP_not_frames,mean_seed_pooled_COCO_AP_difference,audited_exploratory_SEW_2D,natural_adverse,0.027997200279972004,871,-0.00254555188081787,0.0001551688631505607,-16.405043055241794,False,"11,23,37,53,71",5,11,0,10000
fraction_0_to_1,10000,cure_without_temporal,8.498892795393444e-07,1.8980735283407196e-06,0.055594440555944404,-1.0027622366442717e-06,-2.4877991964166372e-05,camera_absent,sequence_sampling_conditional_on_fixed_trained_seeds,confidence_gate,1.232028623816433e-05,2.0119357980729425e-05,independent_training_seed_pooled_AP_not_frames,mean_seed_pooled_COCO_AP_difference,audited_exploratory_SEW_2D,natural_adverse,1.0,871,-1.1470396958624985e-05,1.831219760348644e-05,-0.6263801432789884,False,"11,23,37,53,71",5,11,0,10000
fraction_0_to_1,10000,cure_without_temporal,8.498892795393444e-07,1.8980735283407196e-06,0.42285771422857715,1.048813679985293e-06,-5.586065307829696e-06,camera_absent,sequence_sampling_conditional_on_fixed_trained_seeds,cure_without_uncertainty,2.414108971069035e-06,5.395100612573603e-06,independent_training_seed_pooled_AP_not_frames,mean_seed_pooled_COCO_AP_difference,audited_exploratory_SEW_2D,natural_adverse,1.0,871,-1.5642196915296905e-06,6.151349104902313e-06,-0.25428888278883194,False,"11,23,37,53,71",5,11,0,10000
fraction_0_to_1,10000,cure_without_temporal,8.498892795393444e-07,1.8980735283407196e-06,0.029497050294970503,1.2603985901043903e-06,0.0,camera_absent,sequence_sampling_conditional_on_fixed_trained_seeds,cure_without_signed_negative,6.636052345180899e-08,1.483866414607139e-07,independent_training_seed_pooled_AP_not_frames,mean_seed_pooled_COCO_AP_difference,audited_exploratory_SEW_2D,natural_adverse,1.0,871,7.835287560875354e-07,1.9403622701148715e-06,0.4038053966289242,False,"11,23,37,53,71",5,11,0,10000
fraction_0_to_1,10000,cure_without_temporal,2.264808549691172e-05,3.0341887322058775e-05,0.33136686331366866,6.47115399335395e-05,-5.571583917405069e-06,camera_absent,sequence_sampling_conditional_on_fixed_trained_seeds,task_only_residual_controller,5.646044005546674e-06,9.54654274418355e-06,independent_training_seed_pooled_AP_not_frames,mean_seed_pooled_COCO_AP_difference,audited_exploratory_SEW_2D,non_adverse,1.0,2280,1.7002041491365046e-05,3.340220075807894e-05,0.5090096192914111,False,"11,23,37,53,71",5,43,0,10000
fraction_0_to_1,10000,cure_without_temporal,2.264808549691172e-05,3.0341887322058775e-05,0.5633436656334366,4.529562014665908e-05,-0.0005534621896439265,camera_absent,sequence_sampling_conditional_on_fixed_trained_seeds,camera_only,0.00012078058074679254,2.2760370518015255e-05,independent_training_seed_pooled_AP_not_frames,mean_seed_pooled_COCO_AP_difference,audited_exploratory_SEW_2D,non_adverse,1.0,2280,-9.813249524988081e-05,3.070051508621384e-05,-3.196444586493192,False,"11,23,37,53,71",5,43,0,10000
fraction_0_to_1,10000,cure_without_temporal,2.264808549691172e-05,3.0341887322058775e-05,9.999000099990002e-05,-0.0025678929939108573,-0.004052716951470427,camera_absent,sequence_sampling_conditional_on_fixed_trained_seeds,radar_only,0.0031921277938021303,0.0001680609229955346,independent_training_seed_pooled_AP_not_frames,mean_seed_pooled_COCO_AP_difference,audited_exploratory_SEW_2D,non_adverse,0.027997200279972004,2280,-0.0031694797083052185,0.00015594206195163025,-20.32472617482973,False,"11,23,37,53,71",5,43,0,10000
fraction_0_to_1,10000,cure_without_temporal,2.264808549691172e-05,3.0341887322058775e-05,0.49235076492350766,4.8416255416581154e-05,-0.00013862971381570707,camera_absent,sequence_sampling_conditional_on_fixed_trained_seeds,concat_fusion,5.000482300624168e-05,2.6304846235659946e-05,independent_training_seed_pooled_AP_not_frames,mean_seed_pooled_COCO_AP_difference,audited_exploratory_SEW_2D,non_adverse,1.0,2280,-2.7356737509329967e-05,2.9230062778674047e-05,-0.935911007666024,False,"11,23,37,53,71",5,43,0,10000
fraction_0_to_1,10000,cure_without_temporal,2.264808549691172e-05,3.0341887322058775e-05,0.5184481551844815,4.908235487990279e-05,-8.417213392641903e-05,camera_absent,sequence_sampling_conditional_on_fixed_trained_seeds,cross_attention,4.910385904172916e-05,5.4362611061292826e-05,independent_training_seed_pooled_AP_not_frames,mean_seed_pooled_COCO_AP_difference,audited_exploratory_SEW_2D,non_adverse,1.0,2280,-2.6455773544817444e-05,7.419477202040553e-05,-0.3565719365987324,False,"11,23,37,53,71",5,43,0,10000
fraction_0_to_1,10000,cure_without_temporal,2.264808549691172e-05,3.0341887322058775e-05,0.2221777822217778,4.6105473845835406e-05,-0.00013114705546255636,camera_absent,sequence_sampling_conditional_on_fixed_trained_seeds,matched_corruption_fusion,0.0001244664565061056,0.00012643504213666286,independent_training_seed_pooled_AP_not_frames,mean_seed_pooled_COCO_AP_difference,audited_exploratory_SEW_2D,non_adverse,1.0,2280,-0.00010181837100919383,9.928910522643475e-05,-1.0254737493805683,False,"11,23,37,53,71",5,43,0,10000
fraction_0_to_1,10000,cure_without_temporal,2.264808549691172e-05,3.0341887322058775e-05,9.999000099990002e-05,-0.0020924343540967977,-0.0033164477914725504,camera_absent,sequence_sampling_conditional_on_fixed_trained_seeds,modality_dropout,0.002577136167590314,0.00017020044283127495,independent_training_seed_pooled_AP_not_frames,mean_seed_pooled_COCO_AP_difference,audited_exploratory_SEW_2D,non_adverse,0.027997200279972004,2280,-0.002554488082093402,0.0001692219763069129,-15.095486637388058,False,"11,23,37,53,71",5,43,0,10000
fraction_0_to_1,10000,cure_without_temporal,2.264808549691172e-05,3.0341887322058775e-05,0.5473452654734526,3.5369958986434445e-05,-5.050219951905207e-05,camera_absent,sequence_sampling_conditional_on_fixed_trained_seeds,confidence_gate,3.286489927123631e-05,4.220710290332377e-05,independent_training_seed_pooled_AP_not_frames,mean_seed_pooled_COCO_AP_difference,audited_exploratory_SEW_2D,non_adverse,1.0,2280,-1.0216813774324587e-05,3.106702685679047e-05,-0.32886358329108817,False,"11,23,37,53,71",5,43,0,10000
fraction_0_to_1,10000,cure_without_temporal,2.264808549691172e-05,3.0341887322058775e-05,0.39846015398460155,6.006587100996624e-05,-5.401467974913388e-06,camera_absent,sequence_sampling_conditional_on_fixed_trained_seeds,cure_without_uncertainty,9.198647718182562e-06,1.1508999421027173e-05,independent_training_seed_pooled_AP_not_frames,mean_seed_pooled_COCO_AP_difference,audited_exploratory_SEW_2D,non_adverse,1.0,2280,1.3449437778729157e-05,3.889853396923067e-05,0.34575693236582816,False,"11,23,37,53,71",5,43,0,10000
fraction_0_to_1,10000,cure_without_temporal,2.264808549691172e-05,3.0341887322058775e-05,0.597940205979402,4.5106320139644406e-05,-9.155902026916355e-05,camera_absent,sequence_sampling_conditional_on_fixed_trained_seeds,cure_without_signed_negative,3.9924260303474636e-05,7.383727307204813e-05,independent_training_seed_pooled_AP_not_frames,mean_seed_pooled_COCO_AP_difference,audited_exploratory_SEW_2D,non_adverse,1.0,2280,-1.727617480656291e-05,4.657300059825543e-05,-0.37094828730468477,False,"11,23,37,53,71",5,43,0,10000
fraction_0_to_1,10000,cure_without_temporal,1.45602795573675e-06,3.255777486167428e-06,1.0,1.326025459688826e-06,-6.000600060006e-06,camera_absent,sequence_sampling_conditional_on_fixed_trained_seeds,task_only_residual_controller,1.45602795573675e-06,3.255777486167428e-06,independent_training_seed_pooled_AP_not_frames,mean_seed_pooled_COCO_AP_difference,audited_exploratory_SEW_2D,rain,1.0,182,0.0,5.147836205493211e-06,0.0,False,"11,23,37,53,71",5,4,0,10000
fraction_0_to_1,10000,cure_without_temporal,1.45602795573675e-06,3.255777486167428e-06,0.646035396460354,1.4232354184249985e-06,-6.01183163953584e-05,camera_absent,sequence_sampling_conditional_on_fixed_trained_seeds,camera_only,1.0046047226519192e-05,8.957332023273305e-06,independent_training_seed_pooled_AP_not_frames,mean_seed_pooled_COCO_AP_difference,audited_exploratory_SEW_2D,rain,1.0,182,-8.59001927078244e-06,9.65623602357838e-06,-0.8895825712842482,False,"11,23,37,53,71",5,4,0,10000
fraction_0_to_1,10000,cure_without_temporal,1.45602795573675e-06,3.255777486167428e-06,9.999000099990002e-05,-0.002884867666162531,-0.0057508427791001125,camera_absent,sequence_sampling_conditional_on_fixed_trained_seeds,radar_only,0.0033911844335827363,0.00022554447670139748,independent_training_seed_pooled_AP_not_frames,mean_seed_pooled_COCO_AP_difference,audited_exploratory_SEW_2D,rain,0.027997200279972004,182,-0.0033897284056269997,0.0002247535599874797,-15.081978705101848,False,"11,23,37,53,71",5,4,0,10000
fraction_0_to_1,10000,cure_without_temporal,1.45602795573675e-06,3.255777486167428e-06,0.5527447255274472,1.4156855441517715e-06,-8.200412411590108e-05,camera_absent,sequence_sampling_conditional_on_fixed_trained_seeds,concat_fusion,3.175817390320053e-05,2.6754442332794665e-05,independent_training_seed_pooled_AP_not_frames,mean_seed_pooled_COCO_AP_difference,audited_exploratory_SEW_2D,rain,1.0,182,-3.030214594746378e-05,2.4652389753780184e-05,-1.2291768161266097,False,"11,23,37,53,71",5,4,0,10000
fraction_0_to_1,10000,cure_without_temporal,1.45602795573675e-06,3.255777486167428e-06,0.6817318268173183,1.5628064321223466e-06,-1.1508342952521852e-05,camera_absent,sequence_sampling_conditional_on_fixed_trained_seeds,cross_attention,3.0201121702714986e-06,3.054074957881628e-06,independent_training_seed_pooled_AP_not_frames,mean_seed_pooled_COCO_AP_difference,audited_exploratory_SEW_2D,rain,1.0,182,-1.564084214534748e-06,4.759701391954594e-06,-0.32860973530367826,False,"11,23,37,53,71",5,4,0,10000
fraction_0_to_1,10000,cure_without_temporal,1.45602795573675e-06,3.255777486167428e-06,1.0,3.071026705648233e-07,-1.3751375137513752e-07,camera_absent,sequence_sampling_conditional_on_fixed_trained_seeds,matched_corruption_fusion,1.45602795573675e-06,3.255777486167428e-06,independent_training_seed_pooled_AP_not_frames,mean_seed_pooled_COCO_AP_difference,audited_exploratory_SEW_2D,rain,1.0,182,0.0,5.147836205493211e-06,0.0,False,"11,23,37,53,71",5,4,0,10000
fraction_0_to_1,10000,cure_without_temporal,1.45602795573675e-06,3.255777486167428e-06,9.999000099990002e-05,-0.002003938675556997,-0.004341699772278966,camera_absent,sequence_sampling_conditional_on_fixed_trained_seeds,modality_dropout,0.0024244030962799553,0.00028740977142661803,independent_training_seed_pooled_AP_not_frames,mean_seed_pooled_COCO_AP_difference,audited_exploratory_SEW_2D,rain,0.027997200279972004,182,-0.0024229470683242186,0.0002890722899639039,-8.3818032805108,False,"11,23,37,53,71",5,4,0,10000
fraction_0_to_1,10000,cure_without_temporal,1.45602795573675e-06,3.255777486167428e-06,0.3407659234076592,0.0,-1.1470242328100212e-05,camera_absent,sequence_sampling_conditional_on_fixed_trained_seeds,confidence_gate,3.2204550242258264e-06,4.323968663210738e-06,independent_training_seed_pooled_AP_not_frames,mean_seed_pooled_COCO_AP_difference,audited_exploratory_SEW_2D,rain,1.0,182,-1.7644270684890768e-06,1.6366835516144388e-06,-1.0780502234220113,False,"11,23,37,53,71",5,4,0,10000
fraction_0_to_1,10000,cure_without_temporal,1.45602795573675e-06,3.255777486167428e-06,0.31096890310968905,1.7526452715843216e-06,0.0,camera_absent,sequence_sampling_conditional_on_fixed_trained_seeds,cure_without_uncertainty,1.0669170365312393e-07,2.3856990200364776e-07,independent_training_seed_pooled_AP_not_frames,mean_seed_pooled_COCO_AP_difference,audited_exploratory_SEW_2D,rain,1.0,182,1.349336252083626e-06,3.3234572203485713e-06,0.4060037974378093,False,"11,23,37,53,71",5,4,0,10000
fraction_0_to_1,10000,cure_without_temporal,1.45602795573675e-06,3.255777486167428e-06,0.31096890310968905,1.9040365575019041e-06,0.0,camera_absent,sequence_sampling_conditional_on_fixed_trained_seeds,cure_without_signed_negative,0.0,0.0,independent_training_seed_pooled_AP_not_frames,mean_seed_pooled_COCO_AP_difference,audited_exploratory_SEW_2D,rain,1.0,182,1.45602795573675e-06,3.255777486167428e-06,0.4472135954999579,False,"11,23,37,53,71",5,4,0,10000
fraction_0_to_1,10000,cure_without_temporal,8.192792800173688e-09,1.8319641626759213e-08,0.21587841215878412,0.0,-1.2237828178422235e-05,camera_absent,sequence_sampling_conditional_on_fixed_trained_seeds,task_only_residual_controller,3.2000911761656714e-06,7.155621404103697e-06,independent_training_seed_pooled_AP_not_frames,mean_seed_pooled_COCO_AP_difference,audited_exploratory_SEW_2D,snow,1.0,182,-3.1918983833654973e-06,7.160223285485325e-06,-0.445781961832933,False,"11,23,37,53,71",5,4,0,10000
fraction_0_to_1,10000,cure_without_temporal,8.192792800173688e-09,1.8319641626759213e-08,0.5484451554844516,8.400840084008401e-08,-5.938596967067767e-07,camera_absent,sequence_sampling_conditional_on_fixed_trained_seeds,camera_only,1.7043862994836727e-07,9.444120554374702e-08,independent_training_seed_pooled_AP_not_frames,mean_seed_pooled_COCO_AP_difference,audited_exploratory_SEW_2D,snow,1.0,182,-1.622458371481936e-07,1.0510588419887069e-07,-1.5436418083045522,False,"11,23,37,53,71",5,4,0,10000
fraction_0_to_1,10000,cure_without_temporal,8.192792800173688e-09,1.8319641626759213e-08,9.999000099990002e-05,-0.0032294791746010692,-0.009918682032957744,camera_absent,sequence_sampling_conditional_on_fixed_trained_seeds,radar_only,0.0055846306317573514,0.0004623864002037723,independent_training_seed_pooled_AP_not_frames,mean_seed_pooled_COCO_AP_difference,audited_exploratory_SEW_2D,snow,0.027997200279972004,182,-0.005584622438964551,0.0004623813367837294,-12.077958158541893,False,"11,23,37,53,71",5,4,0,10000
fraction_0_to_1,10000,cure_without_temporal,8.192792800173688e-09,1.8319641626759213e-08,0.2074792520747925,8.400840084008401e-08,-1.6737654464455313e-06,camera_absent,sequence_sampling_conditional_on_fixed_trained_seeds,concat_fusion,5.579093088606887e-07,7.001707961506857e-07,independent_training_seed_pooled_AP_not_frames,mean_seed_pooled_COCO_AP_difference,audited_exploratory_SEW_2D,snow,1.0,182,-5.49716516060515e-07,6.844172874994809e-07,-0.8031891159104187,False,"11,23,37,53,71",5,4,0,10000
fraction_0_to_1,10000,cure_without_temporal,8.192792800173688e-09,1.8319641626759213e-08,0.5905409459054095,8.400840084008401e-08,-2.4267132595612505e-07,camera_absent,sequence_sampling_conditional_on_fixed_trained_seeds,cross_attention,5.64480621380268e-08,1.2622170413876005e-07,independent_training_seed_pooled_AP_not_frames,mean_seed_pooled_COCO_AP_difference,audited_exploratory_SEW_2D,snow,1.0,182,-4.8255269337853114e-08,1.3199884869837318e-07,-0.36557341078117933,False,"11,23,37,53,71",5,4,0,10000
fraction_0_to_1,10000,cure_without_temporal,8.192792800173688e-09,1.8319641626759213e-08,0.04559544045595441,-2.681996194155401e-07,-1.1001100110011e-06,camera_absent,sequence_sampling_conditional_on_fixed_trained_seeds,matched_corruption_fusion,5.44321463322049e-07,1.145647526774608e-06,independent_training_seed_pooled_AP_not_frames,mean_seed_pooled_COCO_AP_difference,audited_exploratory_SEW_2D,snow,1.0,182,-5.361286705218753e-07,1.1506487940672087e-06,-0.465935977412201,False,"11,23,37,53,71",5,4,0,10000
fraction_0_to_1,10000,cure_without_temporal,8.192792800173688e-09,1.8319641626759213e-08,0.0032996700329967,-0.0015222957068675982,-0.007551598387269676,camera_absent,sequence_sampling_conditional_on_fixed_trained_seeds,modality_dropout,0.004069928790362004,0.0005211551928864884,independent_training_seed_pooled_AP_not_frames,mean_seed_pooled_COCO_AP_difference,audited_exploratory_SEW_2D,snow,0.7391260873912608,182,-0.004069920597569204,0.0005211663849269795,-7.809253849208711,False,"11,23,37,53,71",5,4,0,10000
fraction_0_to_1,10000,cure_without_temporal,8.192792800173688e-09,1.8319641626759213e-08,0.1601839816018398,-1.1321886905671699e-07,-3.983415107877889e-05,camera_absent,sequence_sampling_conditional_on_fixed_trained_seeds,confidence_gate,9.433880863578374e-06,1.834845699989895e-05,independent_training_seed_pooled_AP_not_frames,mean_seed_pooled_COCO_AP_difference,audited_exploratory_SEW_2D,snow,1.0,182,-9.4256880707782e-06,1.8353730805055745e-05,-0.5135570620977935,False,"11,23,37,53,71",5,4,0,10000
fraction_0_to_1,10000,cure_without_temporal,8.192792800173688e-09,1.8319641626759213e-08,0.132986701329867,0.0,-1.5956214252718609e-06,camera_absent,sequence_sampling_conditional_on_fixed_trained_seeds,cure_without_uncertainty,6.296511323103283e-07,1.3788842789190498e-06,independent_training_seed_pooled_AP_not_frames,mean_seed_pooled_COCO_AP_difference,audited_exploratory_SEW_2D,snow,1.0,182,-6.214583395101546e-07,1.3832868350695128e-06,-0.4492620935548231,False,"11,23,37,53,71",5,4,0,10000
fraction_0_to_1,10000,cure_without_temporal,8.192792800173688e-09,1.8319641626759213e-08,0.6134386561343865,8.400840084008401e-08,0.0,camera_absent,sequence_sampling_conditional_on_fixed_trained_seeds,cure_without_signed_negative,0.0,0.0,independent_training_seed_pooled_AP_not_frames,mean_seed_pooled_COCO_AP_difference,audited_exploratory_SEW_2D,snow,1.0,182,8.192792800173688e-09,1.8319641626759213e-08,0.44721359549995804,False,"11,23,37,53,71",5,4,0,10000
fraction_0_to_1,10000,cure_without_temporal,1.0470709512198907e-06,2.341321824193042e-06,0.0382961703829617,0.0,-2.575077371954844e-05,camera_absent,sequence_sampling_conditional_on_fixed_trained_seeds,task_only_residual_controller,2.089942985613413e-05,4.67275026191406e-05,independent_training_seed_pooled_AP_not_frames,mean_seed_pooled_COCO_AP_difference,audited_exploratory_SEW_2D,night,1.0,507,-1.985235890491424e-05,4.736717485405662e-05,-0.4191163810398552,False,"11,23,37,53,71",5,3,0,10000
fraction_0_to_1,10000,cure_without_temporal,1.0470709512198907e-06,2.341321824193042e-06,0.2963703629637036,0.0,-2.358674727218989e-05,camera_absent,sequence_sampling_conditional_on_fixed_trained_seeds,camera_only,9.694803716185819e-06,5.034475616576502e-06,independent_training_seed_pooled_AP_not_frames,mean_seed_pooled_COCO_AP_difference,audited_exploratory_SEW_2D,night,1.0,507,-8.647732764965928e-06,5.121740032712285e-06,-1.6884364902812936,False,"11,23,37,53,71",5,3,0,10000
fraction_0_to_1,10000,cure_without_temporal,1.0470709512198907e-06,2.341321824193042e-06,0.0382961703829617,-0.0023390226787039564,-0.00524399928642104,camera_absent,sequence_sampling_conditional_on_fixed_trained_seeds,radar_only,0.002511897857991198,0.00021377076772080266,independent_training_seed_pooled_AP_not_frames,mean_seed_pooled_COCO_AP_difference,audited_exploratory_SEW_2D,night,1.0,507,-0.0025108507870399777,0.00021315890935254253,-11.779243920259008,False,"11,23,37,53,71",5,3,0,10000
fraction_0_to_1,10000,cure_without_temporal,1.0470709512198907e-06,2.341321824193042e-06,0.0382961703829617,0.0,-1.640031008723571e-05,camera_absent,sequence_sampling_conditional_on_fixed_trained_seeds,concat_fusion,1.0732693017698954e-05,6.716412857112354e-06,independent_training_seed_pooled_AP_not_frames,mean_seed_pooled_COCO_AP_difference,audited_exploratory_SEW_2D,night,1.0,507,-9.685622066479063e-06,8.082356543010327e-06,-1.198366097181799,False,"11,23,37,53,71",5,3,0,10000
fraction_0_to_1,10000,cure_without_temporal,1.0470709512198907e-06,2.341321824193042e-06,0.0382961703829617,0.0,-5.339683042648804e-06,camera_absent,sequence_sampling_conditional_on_fixed_trained_seeds,cross_attention,4.11198829485467e-06,2.8878987077944597e-06,independent_training_seed_pooled_AP_not_frames,mean_seed_pooled_COCO_AP_difference,audited_exploratory_SEW_2D,night,1.0,507,-3.0649173436347788e-06,3.510349027113247e-06,-0.8731090042505627,False,"11,23,37,53,71",5,3,0,10000
fraction_0_to_1,10000,cure_without_temporal,1.0470709512198907e-06,2.341321824193042e-06,0.0382961703829617,0.0,-5.8195216461045365e-05,camera_absent,sequence_sampling_conditional_on_fixed_trained_seeds,matched_corruption_fusion,5.582235839265737e-05,0.00010790597992924309,independent_training_seed_pooled_AP_not_frames,mean_seed_pooled_COCO_AP_difference,audited_exploratory_SEW_2D,night,1.0,507,-5.4775287441437477e-05,0.00010856879191700969,-0.5045214787257454,False,"11,23,37,53,71",5,3,0,10000
fraction_0_to_1,10000,cure_without_temporal,1.0470709512198907e-06,2.341321824193042e-06,9.999000099990002e-05,-0.0022797637150869634,-0.004571840249856787,camera_absent,sequence_sampling_conditional_on_fixed_trained_seeds,modality_dropout,0.0024443223126573528,0.0002385275829287171,independent_training_seed_pooled_AP_not_frames,mean_seed_pooled_COCO_AP_difference,audited_exploratory_SEW_2D,night,0.027997200279972004,507,-0.0024432752417061334,0.00023877088504827614,-10.23271845397791,False,"11,23,37,53,71",5,3,0,10000
fraction_0_to_1,10000,cure_without_temporal,1.0470709512198907e-06,2.341321824193042e-06,0.0382961703829617,0.0,-2.9386893013088908e-05,camera_absent,sequence_sampling_conditional_on_fixed_trained_seeds,confidence_gate,2.1272939230440698e-05,4.48832084754652e-05,independent_training_seed_pooled_AP_not_frames,mean_seed_pooled_COCO_AP_difference,audited_exploratory_SEW_2D,night,1.0,507,-2.0225868279220804e-05,4.254354128703713e-05,-0.4754157192218401,False,"11,23,37,53,71",5,3,0,10000
fraction_0_to_1,10000,cure_without_temporal,1.0470709512198907e-06,2.341321824193042e-06,0.5500449955004499,0.0,-9.939528840344857e-06,camera_absent,sequence_sampling_conditional_on_fixed_trained_seeds,cure_without_uncertainty,3.9917566630895505e-06,8.92583924830596e-06,independent_training_seed_pooled_AP_not_frames,mean_seed_pooled_COCO_AP_difference,audited_exploratory_SEW_2D,night,1.0,507,-2.9446857118696596e-06,9.777603248582472e-06,-0.3011664144069838,False,"11,23,37,53,71",5,3,0,10000
fraction_0_to_1,10000,cure_without_temporal,1.0470709512198907e-06,2.341321824193042e-06,0.291970802919708,1.1718082130034038e-06,0.0,camera_absent,sequence_sampling_conditional_on_fixed_trained_seeds,cure_without_signed_negative,1.0466162895359304e-07,2.3403051697609425e-07,independent_training_seed_pooled_AP_not_frames,mean_seed_pooled_COCO_AP_difference,audited_exploratory_SEW_2D,night,1.0,507,9.424093222662975e-07,2.410503795014724e-06,0.3909594849903736,False,"11,23,37,53,71",5,3,0,10000
fraction_0_to_1,10000,cure_without_temporal,0.36255204594752943,0.02012351655364236,9.999000099990002e-05,0.02863928979578619,0.01603050852667653,radar_absent,sequence_sampling_conditional_on_fixed_trained_seeds,task_only_residual_controller,0.3400290611266657,0.023990453889222482,independent_training_seed_pooled_AP_not_frames,mean_seed_pooled_COCO_AP_difference,audited_exploratory_SEW_2D,all,0.027997200279972004,3151,0.022522984820863644,0.008130249067258559,2.770269967689708,False,"11,23,37,53,71",5,54,0,10000
fraction_0_to_1,10000,cure_without_temporal,0.36255204594752943,0.02012351655364236,9.999000099990002e-05,-0.012226979566916164,-0.026436557752724056,radar_absent,sequence_sampling_conditional_on_fixed_trained_seeds,camera_only,0.3806655484707589,0.004971836982091893,independent_training_seed_pooled_AP_not_frames,mean_seed_pooled_COCO_AP_difference,audited_exploratory_SEW_2D,all,0.027997200279972004,3151,-0.018113502523229453,0.015709469167396274,-1.1530308459322454,False,"11,23,37,53,71",5,54,0,10000
fraction_0_to_1,10000,cure_without_temporal,0.36255204594752943,0.02012351655364236,9.999000099990002e-05,0.4445237021797698,0.32016711515414353,radar_absent,sequence_sampling_conditional_on_fixed_trained_seeds,radar_only,0.0005829230488470789,0.00011886347269729701,independent_training_seed_pooled_AP_not_frames,mean_seed_pooled_COCO_AP_difference,audited_exploratory_SEW_2D,all,0.027997200279972004,3151,0.36196912289868227,0.020184994755417084,17.932584441298403,False,"11,23,37,53,71",5,54,0,10000
fraction_0_to_1,10000,cure_without_temporal,0.36255204594752943,0.02012351655364236,0.00019998000199980003,-0.012860817417546376,-0.03240430704767426,radar_absent,sequence_sampling_conditional_on_fixed_trained_seeds,concat_fusion,0.38363481670396143,0.004855515361940656,independent_training_seed_pooled_AP_not_frames,mean_seed_pooled_COCO_AP_difference,audited_exploratory_SEW_2D,all,0.04659534046595341,3151,-0.021082770756432022,0.022915359419203078,-0.920027932826777,False,"11,23,37,53,71",5,54,0,10000
fraction_0_to_1,10000,cure_without_temporal,0.36255204594752943,0.02012351655364236,9.999000099990002e-05,-0.013745714250672805,-0.029352337958381033,radar_absent,sequence_sampling_conditional_on_fixed_trained_seeds,cross_attention,0.3829746491081013,0.007075364616340453,independent_training_seed_pooled_AP_not_frames,mean_seed_pooled_COCO_AP_difference,audited_exploratory_SEW_2D,all,0.027997200279972004,3151,-0.020422603160571928,0.024124956805242372,-0.8465342891778392,False,"11,23,37,53,71",5,54,0,10000
fraction_0_to_1,10000,cure_without_temporal,0.36255204594752943,0.02012351655364236,0.00029997000299970003,-0.00684369433506417,-0.01931861661946767,radar_absent,sequence_sampling_conditional_on_fixed_trained_seeds,matched_corruption_fusion,0.3749467956694378,0.0018394380467739147,independent_training_seed_pooled_AP_not_frames,mean_seed_pooled_COCO_AP_difference,audited_exploratory_SEW_2D,all,0.068993100689931,3151,-0.012394749721908394,0.02081435424778687,-0.5954904761566788,False,"11,23,37,53,71",5,54,0,10000
fraction_0_to_1,10000,cure_without_temporal,0.36255204594752943,0.02012351655364236,9.999000099990002e-05,-0.0209940108073286,-0.039368822844259466,radar_absent,sequence_sampling_conditional_on_fixed_trained_seeds,modality_dropout,0.3928387246177813,0.0045570870048487165,independent_training_seed_pooled_AP_not_frames,mean_seed_pooled_COCO_AP_difference,audited_exploratory_SEW_2D,all,0.027997200279972004,3151,-0.0302866786702519,0.02133476646959028,-1.4195926968978692,False,"11,23,37,53,71",5,54,0,10000
fraction_0_to_1,10000,cure_without_temporal,0.36255204594752943,0.02012351655364236,0.025197480251974803,0.01698116972119513,0.0005557915472895553,radar_absent,sequence_sampling_conditional_on_fixed_trained_seeds,confidence_gate,0.35297812424511615,0.01901846776656979,independent_training_seed_pooled_AP_not_frames,mean_seed_pooled_COCO_AP_difference,audited_exploratory_SEW_2D,all,1.0,3151,0.009573921702413257,0.013095701101269721,0.7310736270152803,False,"11,23,37,53,71",5,54,0,10000
fraction_0_to_1,10000,cure_without_temporal,0.36255204594752943,0.02012351655364236,9.999000099990002e-05,0.028450496290375504,0.012721461610196797,radar_absent,sequence_sampling_conditional_on_fixed_trained_seeds,cure_without_uncertainty,0.34169357288215174,0.02863390541406046,independent_training_seed_pooled_AP_not_frames,mean_seed_pooled_COCO_AP_difference,audited_exploratory_SEW_2D,all,0.027997200279972004,3151,0.020858473065377692,0.016953902204548885,1.230305142363106,False,"11,23,37,53,71",5,54,0,10000
fraction_0_to_1,10000,cure_without_temporal,0.36255204594752943,0.02012351655364236,0.18338166183381663,0.008022012284097898,-0.0020900333346339506,radar_absent,sequence_sampling_conditional_on_fixed_trained_seeds,cure_without_signed_negative,0.35895555325501194,0.01756918346638089,independent_training_seed_pooled_AP_not_frames,mean_seed_pooled_COCO_AP_difference,audited_exploratory_SEW_2D,all,1.0,3151,0.0035964926925174277,0.015274476437101132,0.23545767393910022,False,"11,23,37,53,71",5,54,0,10000
fraction_0_to_1,10000,cure_without_temporal,0.3215642309562698,0.019849658019945104,9.999000099990002e-05,0.02599500715705577,0.009091653311267048,radar_absent,sequence_sampling_conditional_on_fixed_trained_seeds,task_only_residual_controller,0.3026299182002392,0.01942210092303745,independent_training_seed_pooled_AP_not_frames,mean_seed_pooled_COCO_AP_difference,audited_exploratory_SEW_2D,natural_adverse,0.027997200279972004,871,0.018934312756030636,0.013350560980671585,1.4182409850374817,False,"11,23,37,53,71",5,11,0,10000
fraction_0_to_1,10000,cure_without_temporal,0.3215642309562698,0.019849658019945104,0.0334966503349665,-0.007147311850219418,-0.025381373963944652,radar_absent,sequence_sampling_conditional_on_fixed_trained_seeds,camera_only,0.33371004233602725,0.008006517863325497,independent_training_seed_pooled_AP_not_frames,mean_seed_pooled_COCO_AP_difference,audited_exploratory_SEW_2D,natural_adverse,1.0,871,-0.012145811379757432,0.01815545035708066,-0.6689898152276097,False,"11,23,37,53,71",5,11,0,10000
fraction_0_to_1,10000,cure_without_temporal,0.3215642309562698,0.019849658019945104,9.999000099990002e-05,0.4052019748209437,0.2592080327461431,radar_absent,sequence_sampling_conditional_on_fixed_trained_seeds,radar_only,0.00047424844872174523,5.832830294584043e-05,independent_training_seed_pooled_AP_not_frames,mean_seed_pooled_COCO_AP_difference,audited_exploratory_SEW_2D,natural_adverse,0.027997200279972004,871,0.3210899825075481,0.01983701619506432,16.186405220934336,False,"11,23,37,53,71",5,11,0,10000
fraction_0_to_1,10000,cure_without_temporal,0.3215642309562698,0.019849658019945104,0.029897010298970104,-0.0025354093194966793,-0.023852828817067094,radar_absent,sequence_sampling_conditional_on_fixed_trained_seeds,concat_fusion,0.33411604330632694,0.006243514607171074,independent_training_seed_pooled_AP_not_frames,mean_seed_pooled_COCO_AP_difference,audited_exploratory_SEW_2D,natural_adverse,1.0,871,-0.012551812350057168,0.017726592602588968,-0.7080781192107939,False,"11,23,37,53,71",5,11,0,10000
fraction_0_to_1,10000,cure_without_temporal,0.3215642309562698,0.019849658019945104,0.030896910308969103,-0.00038028026295993316,-0.02289482363267728,radar_absent,sequence_sampling_conditional_on_fixed_trained_seeds,cross_attention,0.33483853495299126,0.006640913337239416,independent_training_seed_pooled_AP_not_frames,mean_seed_pooled_COCO_AP_difference,audited_exploratory_SEW_2D,natural_adverse,1.0,871,-0.01327430399672137,0.02500399636480499,-0.5308872950967932,False,"11,23,37,53,71",5,11,0,10000
fraction_0_to_1,10000,cure_without_temporal,0.3215642309562698,0.019849658019945104,9.999000099990002e-05,-0.012351893984758711,-0.02852584237001234,radar_absent,sequence_sampling_conditional_on_fixed_trained_seeds,matched_corruption_fusion,0.34021740537028516,0.0028619848738311955,independent_training_seed_pooled_AP_not_frames,mean_seed_pooled_COCO_AP_difference,audited_exploratory_SEW_2D,natural_adverse,0.027997200279972004,871,-0.018653174414015296,0.020536575693687466,-0.9082903933078245,False,"11,23,37,53,71",5,11,0,10000
fraction_0_to_1,10000,cure_without_temporal,0.3215642309562698,0.019849658019945104,9.999000099990002e-05,-0.019015039718567675,-0.04226287410396253,radar_absent,sequence_sampling_conditional_on_fixed_trained_seeds,modality_dropout,0.35201671722381034,0.003510997788386183,independent_training_seed_pooled_AP_not_frames,mean_seed_pooled_COCO_AP_difference,audited_exploratory_SEW_2D,natural_adverse,0.027997200279972004,871,-0.03045248626754051,0.021266260453266614,-1.4319624427840036,False,"11,23,37,53,71",5,11,0,10000
fraction_0_to_1,10000,cure_without_temporal,0.3215642309562698,0.019849658019945104,0.7685231476852314,0.01111499565848701,-0.010547945676393191,radar_absent,sequence_sampling_conditional_on_fixed_trained_seeds,confidence_gate,0.3196626818949675,0.017731724982346368,independent_training_seed_pooled_AP_not_frames,mean_seed_pooled_COCO_AP_difference,audited_exploratory_SEW_2D,natural_adverse,1.0,871,0.0019015490613023323,0.01289477745384891,0.14746660561673725,False,"11,23,37,53,71",5,11,0,10000
fraction_0_to_1,10000,cure_without_temporal,0.3215642309562698,0.019849658019945104,0.0372962703729627,0.027389769406472895,0.0019549743931608554,radar_absent,sequence_sampling_conditional_on_fixed_trained_seeds,cure_without_uncertainty,0.30799769253282666,0.027838853574619966,independent_training_seed_pooled_AP_not_frames,mean_seed_pooled_COCO_AP_difference,audited_exploratory_SEW_2D,natural_adverse,1.0,871,0.013566538423443176,0.02319182960997233,0.5849705974732435,False,"11,23,37,53,71",5,11,0,10000
fraction_0_to_1,10000,cure_without_temporal,0.3215642309562698,0.019849658019945104,0.48095190480951905,0.0028958601757698844,-0.006523861879489831,radar_absent,sequence_sampling_conditional_on_fixed_trained_seeds,cure_without_signed_negative,0.3231392652888349,0.016646499380639605,independent_training_seed_pooled_AP_not_frames,mean_seed_pooled_COCO_AP_difference,audited_exploratory_SEW_2D,natural_adverse,1.0,871,-0.0015750343325650284,0.011817074725065683,-0.1332846215505567,False,"11,23,37,53,71",5,11,0,10000
fraction_0_to_1,10000,cure_without_temporal,0.39894450884473975,0.01949505626821446,9.999000099990002e-05,0.03495121111754434,0.014659311233504096,radar_absent,sequence_sampling_conditional_on_fixed_trained_seeds,task_only_residual_controller,0.3740751157607714,0.028609465961714618,independent_training_seed_pooled_AP_not_frames,mean_seed_pooled_COCO_AP_difference,audited_exploratory_SEW_2D,non_adverse,0.027997200279972004,2280,0.024869393083968305,0.011661637610667004,2.1325815390816167,False,"11,23,37,53,71",5,43,0,10000
fraction_0_to_1,10000,cure_without_temporal,0.39894450884473975,0.01949505626821446,0.00039996000399960006,-0.013085962899512783,-0.03261446707111143,radar_absent,sequence_sampling_conditional_on_fixed_trained_seeds,camera_only,0.42061386682055046,0.004635991082453043,independent_training_seed_pooled_AP_not_frames,mean_seed_pooled_COCO_AP_difference,audited_exploratory_SEW_2D,non_adverse,0.09119088091190881,2280,-0.021669357975810644,0.015769516786100453,-1.374129484735412,False,"11,23,37,53,71",5,43,0,10000
fraction_0_to_1,10000,cure_without_temporal,0.39894450884473975,0.01949505626821446,9.999000099990002e-05,0.49305323947365215,0.34908982063696975,radar_absent,sequence_sampling_conditional_on_fixed_trained_seeds,radar_only,0.0006672145019614502,0.00013666715482183378,independent_training_seed_pooled_AP_not_frames,mean_seed_pooled_COCO_AP_difference,audited_exploratory_SEW_2D,non_adverse,0.027997200279972004,2280,0.3982772943427783,0.01957716712582379,20.34396967564423,False,"11,23,37,53,71",5,43,0,10000
fraction_0_to_1,10000,cure_without_temporal,0.39894450884473975,0.01949505626821446,0.00019998000199980003,-0.017178455418447935,-0.04252398142181301,radar_absent,sequence_sampling_conditional_on_fixed_trained_seeds,concat_fusion,0.4275819063197523,0.008060534251411577,independent_training_seed_pooled_AP_not_frames,mean_seed_pooled_COCO_AP_difference,audited_exploratory_SEW_2D,non_adverse,0.04659534046595341,2280,-0.02863739747501256,0.026069038228763008,-1.0985214423221712,False,"11,23,37,53,71",5,43,0,10000
fraction_0_to_1,10000,cure_without_temporal,0.39894450884473975,0.01949505626821446,0.00029997000299970003,-0.01615202170244952,-0.03850155280455717,radar_absent,sequence_sampling_conditional_on_fixed_trained_seeds,cross_attention,0.42476871283531914,0.009394714378270773,independent_training_seed_pooled_AP_not_frames,mean_seed_pooled_COCO_AP_difference,audited_exploratory_SEW_2D,non_adverse,0.068993100689931,2280,-0.025824203990579397,0.021097011046883298,-1.2240693211560154,False,"11,23,37,53,71",5,43,0,10000
fraction_0_to_1,10000,cure_without_temporal,0.39894450884473975,0.01949505626821446,0.0326967303269673,-0.002538702507001319,-0.018335644478097216,radar_absent,sequence_sampling_conditional_on_fixed_trained_seeds,matched_corruption_fusion,0.4078921594331737,0.002526963743519383,independent_training_seed_pooled_AP_not_frames,mean_seed_pooled_COCO_AP_difference,audited_exploratory_SEW_2D,non_adverse,1.0,2280,-0.008947650588433952,0.02025311136355482,-0.4417914081356961,False,"11,23,37,53,71",5,43,0,10000
fraction_0_to_1,10000,cure_without_temporal,0.39894450884473975,0.01949505626821446,9.999000099990002e-05,-0.018198429174701432,-0.041955947915622606,radar_absent,sequence_sampling_conditional_on_fixed_trained_seeds,modality_dropout,0.42876326600908865,0.0053262342555966844,independent_training_seed_pooled_AP_not_frames,mean_seed_pooled_COCO_AP_difference,audited_exploratory_SEW_2D,non_adverse,0.027997200279972004,2280,-0.029818757164348876,0.019280557579880803,-1.546571308470075,False,"11,23,37,53,71",5,43,0,10000
fraction_0_to_1,10000,cure_without_temporal,0.39894450884473975,0.01949505626821446,0.007499250074992501,0.021856796853458923,0.0037080005107435407,radar_absent,sequence_sampling_conditional_on_fixed_trained_seeds,confidence_gate,0.3854752425935608,0.01944436909160103,independent_training_seed_pooled_AP_not_frames,mean_seed_pooled_COCO_AP_difference,audited_exploratory_SEW_2D,non_adverse,1.0,2280,0.013469266251178924,0.014368575064349322,0.9374114128128318,False,"11,23,37,53,71",5,43,0,10000
fraction_0_to_1,10000,cure_without_temporal,0.39894450884473975,0.01949505626821446,9.999000099990002e-05,0.032016241135177995,0.015794848361637803,radar_absent,sequence_sampling_conditional_on_fixed_trained_seeds,cure_without_uncertainty,0.3741104562210647,0.029854662273370403,independent_training_seed_pooled_AP_not_frames,mean_seed_pooled_COCO_AP_difference,audited_exploratory_SEW_2D,non_adverse,0.027997200279972004,2280,0.024834052623675062,0.01539049030870716,1.6135972360559048,False,"11,23,37,53,71",5,43,0,10000
fraction_0_to_1,10000,cure_without_temporal,0.39894450884473975,0.01949505626821446,0.12338766123387661,0.012101746629715027,-0.0029932331260126704,radar_absent,sequence_sampling_conditional_on_fixed_trained_seeds,cure_without_signed_negative,0.3929587764521033,0.01725865492796833,independent_training_seed_pooled_AP_not_frames,mean_seed_pooled_COCO_AP_difference,audited_exploratory_SEW_2D,non_adverse,1.0,2280,0.0059857323926364005,0.01688011165672345,0.35460265396125196,False,"11,23,37,53,71",5,43,0,10000
fraction_0_to_1,10000,cure_without_temporal,0.31707773092786895,0.02440589792375359,0.020597940205979402,0.03001845762170513,0.003143620397293212,radar_absent,sequence_sampling_conditional_on_fixed_trained_seeds,task_only_residual_controller,0.29853653180736506,0.024533851708419603,independent_training_seed_pooled_AP_not_frames,mean_seed_pooled_COCO_AP_difference,audited_exploratory_SEW_2D,rain,1.0,182,0.018541199120503837,0.018477144098687982,1.0034667165809679,False,"11,23,37,53,71",5,4,0,10000
fraction_0_to_1,10000,cure_without_temporal,0.31707773092786895,0.02440589792375359,9.999000099990002e-05,-0.010108926798193418,-0.04353362885871492,radar_absent,sequence_sampling_conditional_on_fixed_trained_seeds,camera_only,0.340047881360516,0.015945221263414504,independent_training_seed_pooled_AP_not_frames,mean_seed_pooled_COCO_AP_difference,audited_exploratory_SEW_2D,rain,0.027997200279972004,182,-0.022970150432647073,0.02645257455800203,-0.8683521667156021,False,"11,23,37,53,71",5,4,0,10000
fraction_0_to_1,10000,cure_without_temporal,0.31707773092786895,0.02440589792375359,9.999000099990002e-05,0.36818648674276083,0.2733269723615441,radar_absent,sequence_sampling_conditional_on_fixed_trained_seeds,radar_only,0.0007858764364333087,0.00023715312278955398,independent_training_seed_pooled_AP_not_frames,mean_seed_pooled_COCO_AP_difference,audited_exploratory_SEW_2D,rain,0.027997200279972004,182,0.3162918544914356,0.024461137309914192,12.9303822011269,False,"11,23,37,53,71",5,4,0,10000
fraction_0_to_1,10000,cure_without_temporal,0.31707773092786895,0.02440589792375359,0.3017698230176982,0.003074922159690352,-0.0374133742370773,radar_absent,sequence_sampling_conditional_on_fixed_trained_seeds,concat_fusion,0.3317527485690724,0.016082772342114183,independent_training_seed_pooled_AP_not_frames,mean_seed_pooled_COCO_AP_difference,audited_exploratory_SEW_2D,rain,1.0,182,-0.014675017641203426,0.02010646186633285,-0.729865738624851,False,"11,23,37,53,71",5,4,0,10000
fraction_0_to_1,10000,cure_without_temporal,0.31707773092786895,0.02440589792375359,9.999000099990002e-05,-0.00604392601634357,-0.04223403895974259,radar_absent,sequence_sampling_conditional_on_fixed_trained_seeds,cross_attention,0.339308403133944,0.01480765346564826,independent_training_seed_pooled_AP_not_frames,mean_seed_pooled_COCO_AP_difference,audited_exploratory_SEW_2D,rain,0.027997200279972004,182,-0.022230672206075018,0.029969075927849444,-0.7417870427368319,False,"11,23,37,53,71",5,4,0,10000
fraction_0_to_1,10000,cure_without_temporal,0.31707773092786895,0.02440589792375359,9.999000099990002e-05,-0.0195241054052544,-0.03767731875824054,radar_absent,sequence_sampling_conditional_on_fixed_trained_seeds,matched_corruption_fusion,0.34390431231924506,0.007920986694783192,independent_training_seed_pooled_AP_not_frames,mean_seed_pooled_COCO_AP_difference,audited_exploratory_SEW_2D,rain,0.027997200279972004,182,-0.02682658139137615,0.021675449559985134,-1.2376482119614476,False,"11,23,37,53,71",5,4,0,10000
fraction_0_to_1,10000,cure_without_temporal,0.31707773092786895,0.02440589792375359,9.999000099990002e-05,-0.011437000894622351,-0.03775773314283204,radar_absent,sequence_sampling_conditional_on_fixed_trained_seeds,modality_dropout,0.34038444959736264,0.0058146277886864444,independent_training_seed_pooled_AP_not_frames,mean_seed_pooled_COCO_AP_difference,audited_exploratory_SEW_2D,rain,0.027997200279972004,182,-0.023306718669493697,0.025348027219346692,-0.9194687408140787,False,"11,23,37,53,71",5,4,0,10000
fraction_0_to_1,10000,cure_without_temporal,0.31707773092786895,0.02440589792375359,0.32726727327267274,0.01983386596687009,-0.004257437676878195,radar_absent,sequence_sampling_conditional_on_fixed_trained_seeds,confidence_gate,0.3090830125025044,0.03155409200839008,independent_training_seed_pooled_AP_not_frames,mean_seed_pooled_COCO_AP_difference,audited_exploratory_SEW_2D,rain,1.0,182,0.007994718425364533,0.016377548201839565,0.4881511155904611,False,"11,23,37,53,71",5,4,0,10000
fraction_0_to_1,10000,cure_without_temporal,0.31707773092786895,0.02440589792375359,0.12018798120187982,0.036383437565742305,-0.006531162784049638,radar_absent,sequence_sampling_conditional_on_fixed_trained_seeds,cure_without_uncertainty,0.2951098761819711,0.03118667106409889,independent_training_seed_pooled_AP_not_frames,mean_seed_pooled_COCO_AP_difference,audited_exploratory_SEW_2D,rain,1.0,182,0.021967854745897863,0.02857697538536589,0.7687256768659807,False,"11,23,37,53,71",5,4,0,10000
fraction_0_to_1,10000,cure_without_temporal,0.31707773092786895,0.02440589792375359,0.09599040095990401,0.007561646073596273,-0.017459120094297953,radar_absent,sequence_sampling_conditional_on_fixed_trained_seeds,cure_without_signed_negative,0.3250139796315134,0.022443290849557478,independent_training_seed_pooled_AP_not_frames,mean_seed_pooled_COCO_AP_difference,audited_exploratory_SEW_2D,rain,1.0,182,-0.007936248703644466,0.0060366236792999475,-1.3146833603125667,False,"11,23,37,53,71",5,4,0,10000
fraction_0_to_1,10000,cure_without_temporal,0.40231932687746486,0.03232518244646012,9.999000099990002e-05,0.03978976300990983,0.02603848509878942,radar_absent,sequence_sampling_conditional_on_fixed_trained_seeds,task_only_residual_controller,0.3720233813440464,0.019132996431936576,independent_training_seed_pooled_AP_not_frames,mean_seed_pooled_COCO_AP_difference,audited_exploratory_SEW_2D,snow,0.027997200279972004,182,0.030295945533418446,0.031486891073484694,0.9621764645710242,False,"11,23,37,53,71",5,4,0,10000
fraction_0_to_1,10000,cure_without_temporal,0.40231932687746486,0.03232518244646012,0.2221777822217778,-0.0008031063400507077,-0.04073727957459822,radar_absent,sequence_sampling_conditional_on_fixed_trained_seeds,camera_only,0.40743857897511493,0.012435892071102421,independent_training_seed_pooled_AP_not_frames,mean_seed_pooled_COCO_AP_difference,audited_exploratory_SEW_2D,snow,1.0,182,-0.005119252097650073,0.02157702701075782,-0.23725474761178772,False,"11,23,37,53,71",5,4,0,10000
fraction_0_to_1,10000,cure_without_temporal,0.40231932687746486,0.03232518244646012,9.999000099990002e-05,0.43781816860919254,0.3284664186189486,radar_absent,sequence_sampling_conditional_on_fixed_trained_seeds,radar_only,0.0004090891915207549,0.00018709556076855737,independent_training_seed_pooled_AP_not_frames,mean_seed_pooled_COCO_AP_difference,audited_exploratory_SEW_2D,snow,0.027997200279972004,182,0.4019102376859441,0.03216249760170929,12.496238403592896,False,"11,23,37,53,71",5,4,0,10000
fraction_0_to_1,10000,cure_without_temporal,0.40231932687746486,0.03232518244646012,0.7236276372362763,0.0015313610405720546,-0.0500258279135124,radar_absent,sequence_sampling_conditional_on_fixed_trained_seeds,concat_fusion,0.40677735011410265,0.008896042046324592,independent_training_seed_pooled_AP_not_frames,mean_seed_pooled_COCO_AP_difference,audited_exploratory_SEW_2D,snow,1.0,182,-0.004458023236637809,0.037283490323220404,-0.11957097358616457,False,"11,23,37,53,71",5,4,0,10000
fraction_0_to_1,10000,cure_without_temporal,0.40231932687746486,0.03232518244646012,0.35236476352364765,-0.004050293880963951,-0.042170162888579055,radar_absent,sequence_sampling_conditional_on_fixed_trained_seeds,cross_attention,0.4110275359728024,0.025511754252600074,independent_training_seed_pooled_AP_not_frames,mean_seed_pooled_COCO_AP_difference,audited_exploratory_SEW_2D,snow,1.0,182,-0.008708209095337538,0.0479181469885378,-0.181730923305957,False,"11,23,37,53,71",5,4,0,10000
fraction_0_to_1,10000,cure_without_temporal,0.40231932687746486,0.03232518244646012,0.0217978202179782,-0.008335402257281188,-0.030689719799208093,radar_absent,sequence_sampling_conditional_on_fixed_trained_seeds,matched_corruption_fusion,0.4201923638359082,0.015903332625373436,independent_training_seed_pooled_AP_not_frames,mean_seed_pooled_COCO_AP_difference,audited_exploratory_SEW_2D,snow,1.0,182,-0.0178730369584433,0.026572760616279698,-0.6726074575591311,False,"11,23,37,53,71",5,4,0,10000
fraction_0_to_1,10000,cure_without_temporal,0.40231932687746486,0.03232518244646012,9.999000099990002e-05,-0.009610116179480488,-0.047626652107055356,radar_absent,sequence_sampling_conditional_on_fixed_trained_seeds,modality_dropout,0.426398142173506,0.006397698562960197,independent_training_seed_pooled_AP_not_frames,mean_seed_pooled_COCO_AP_difference,audited_exploratory_SEW_2D,snow,0.027997200279972004,182,-0.024078815296041178,0.033859678980375396,-0.7111353687079233,False,"11,23,37,53,71",5,4,0,10000
fraction_0_to_1,10000,cure_without_temporal,0.40231932687746486,0.03232518244646012,0.021397860213978603,0.013449158845821707,0.00036241053875585294,radar_absent,sequence_sampling_conditional_on_fixed_trained_seeds,confidence_gate,0.39215485046175624,0.02711067679140672,independent_training_seed_pooled_AP_not_frames,mean_seed_pooled_COCO_AP_difference,audited_exploratory_SEW_2D,snow,1.0,182,0.010164476415708645,0.013524207362684554,0.751576498579433,False,"11,23,37,53,71",5,4,0,10000
fraction_0_to_1,10000,cure_without_temporal,0.40231932687746486,0.03232518244646012,9.999000099990002e-05,0.03461722727694111,0.01921777092652671,radar_absent,sequence_sampling_conditional_on_fixed_trained_seeds,cure_without_uncertainty,0.3710761500619454,0.05234663757551981,independent_training_seed_pooled_AP_not_frames,mean_seed_pooled_COCO_AP_difference,audited_exploratory_SEW_2D,snow,0.027997200279972004,182,0.031243176815519524,0.049027441278585084,0.6372589717254197,False,"11,23,37,53,71",5,4,0,10000
fraction_0_to_1,10000,cure_without_temporal,0.40231932687746486,0.03232518244646012,0.7177282271772822,0.0028986667051650317,-0.009748024099383634,radar_absent,sequence_sampling_conditional_on_fixed_trained_seeds,cure_without_signed_negative,0.40299401235227067,0.03535860674772586,independent_training_seed_pooled_AP_not_frames,mean_seed_pooled_COCO_AP_difference,audited_exploratory_SEW_2D,snow,1.0,182,-0.0006746854748058695,0.025149131499727445,-0.026827386656003666,False,"11,23,37,53,71",5,4,0,10000
fraction_0_to_1,10000,cure_without_temporal,0.26012663273835185,0.012806525283282064,9.999000099990002e-05,0.01120203309972323,0.00013271213795182368,radar_absent,sequence_sampling_conditional_on_fixed_trained_seeds,task_only_residual_controller,0.25205693386803746,0.00606321734178836,independent_training_seed_pooled_AP_not_frames,mean_seed_pooled_COCO_AP_difference,audited_exploratory_SEW_2D,night,0.027997200279972004,507,0.008069698870314307,0.00887824439031452,0.9089295716073919,False,"11,23,37,53,71",5,3,0,10000
fraction_0_to_1,10000,cure_without_temporal,0.26012663273835185,0.012806525283282064,0.0403959604039596,0.00029771604343861724,-0.0201922546274666,radar_absent,sequence_sampling_conditional_on_fixed_trained_seeds,camera_only,0.27392802331195076,0.011763263340673683,independent_training_seed_pooled_AP_not_frames,mean_seed_pooled_COCO_AP_difference,audited_exploratory_SEW_2D,night,1.0,507,-0.013801390573598993,0.009743112582119554,-1.4165278762073574,False,"11,23,37,53,71",5,3,0,10000
fraction_0_to_1,10000,cure_without_temporal,0.26012663273835185,0.012806525283282064,9.999000099990002e-05,0.49202354500238304,0.20650336625579777,radar_absent,sequence_sampling_conditional_on_fixed_trained_seeds,radar_only,0.0005435675322492388,5.166246027420605e-05,independent_training_seed_pooled_AP_not_frames,mean_seed_pooled_COCO_AP_difference,audited_exploratory_SEW_2D,night,0.027997200279972004,507,0.2595830652061025,0.01280979497009525,20.26441998580812,False,"11,23,37,53,71",5,3,0,10000
fraction_0_to_1,10000,cure_without_temporal,0.26012663273835185,0.012806525283282064,0.25377462253774624,0.003607854690157397,-0.019129725903506423,radar_absent,sequence_sampling_conditional_on_fixed_trained_seeds,concat_fusion,0.27255049197485304,0.005285379795408381,independent_training_seed_pooled_AP_not_frames,mean_seed_pooled_COCO_AP_difference,audited_exploratory_SEW_2D,night,1.0,507,-0.012423859236501278,0.010690608575959755,-1.1621283436042293,False,"11,23,37,53,71",5,3,0,10000
fraction_0_to_1,10000,cure_without_temporal,0.26012663273835185,0.012806525283282064,0.1503849615038496,0.014737753875442822,-0.019172928281201984,radar_absent,sequence_sampling_conditional_on_fixed_trained_seeds,cross_attention,0.27493831359460524,0.02181525500375276,independent_training_seed_pooled_AP_not_frames,mean_seed_pooled_COCO_AP_difference,audited_exploratory_SEW_2D,night,1.0,507,-0.014811680856253484,0.029249859409648783,-0.5063846854377525,False,"11,23,37,53,71",5,3,0,10000
fraction_0_to_1,10000,cure_without_temporal,0.26012663273835185,0.012806525283282064,0.40845915408459155,0.001503849011918884,-0.01958825801066888,radar_absent,sequence_sampling_conditional_on_fixed_trained_seeds,matched_corruption_fusion,0.2689063917252403,0.005566985040981208,independent_training_seed_pooled_AP_not_frames,mean_seed_pooled_COCO_AP_difference,audited_exploratory_SEW_2D,night,1.0,507,-0.008779758986888486,0.013892354386503554,-0.6319849568060283,False,"11,23,37,53,71",5,3,0,10000
fraction_0_to_1,10000,cure_without_temporal,0.26012663273835185,0.012806525283282064,9.999000099990002e-05,-0.010813899631772345,-0.03986464027922143,radar_absent,sequence_sampling_conditional_on_fixed_trained_seeds,modality_dropout,0.2882650976288158,0.010996365364944936,independent_training_seed_pooled_AP_not_frames,mean_seed_pooled_COCO_AP_difference,audited_exploratory_SEW_2D,night,0.027997200279972004,507,-0.02813846489046399,0.019088395580424238,-1.4741136714141072,False,"11,23,37,53,71",5,3,0,10000
fraction_0_to_1,10000,cure_without_temporal,0.26012663273835185,0.012806525283282064,0.5118488151184881,0.0021201083803741305,-0.023283075994787128,radar_absent,sequence_sampling_conditional_on_fixed_trained_seeds,confidence_gate,0.26725878379058526,0.004787711122980611,independent_training_seed_pooled_AP_not_frames,mean_seed_pooled_COCO_AP_difference,audited_exploratory_SEW_2D,night,1.0,507,-0.007132151052233504,0.010521812889826196,-0.6778443151303098,False,"11,23,37,53,71",5,3,0,10000
fraction_0_to_1,10000,cure_without_temporal,0.26012663273835185,0.012806525283282064,0.291970802919708,0.01897754250169903,-0.006581617688863783,radar_absent,sequence_sampling_conditional_on_fixed_trained_seeds,cure_without_uncertainty,0.2580411289315241,0.011796442007317075,independent_training_seed_pooled_AP_not_frames,mean_seed_pooled_COCO_AP_difference,audited_exploratory_SEW_2D,night,1.0,507,0.002085503806827693,0.013831610436601941,0.15077809025830588,False,"11,23,37,53,71",5,3,0,10000
fraction_0_to_1,10000,cure_without_temporal,0.26012663273835185,0.012806525283282064,0.662033796620338,0.0021053248804029367,-0.0036944770585225495,radar_absent,sequence_sampling_conditional_on_fixed_trained_seeds,cure_without_signed_negative,0.25968935422584427,0.007283170245488588,independent_training_seed_pooled_AP_not_frames,mean_seed_pooled_COCO_AP_difference,audited_exploratory_SEW_2D,night,1.0,507,0.00043727851250754404,0.013445551186690165,0.03252217082334332,False,"11,23,37,53,71",5,3,0,10000
fraction_0_to_1,10000,cure_without_temporal,9.824089193807958e-05,6.514251645273177e-05,0.4881511848815118,0.00027562563729714674,-3.3887464939437487e-06,both_absent,sequence_sampling_conditional_on_fixed_trained_seeds,task_only_residual_controller,4.00129487460914e-05,5.557489282407419e-05,independent_training_seed_pooled_AP_not_frames,mean_seed_pooled_COCO_AP_difference,audited_exploratory_SEW_2D,all,1.0,3151,5.822794319198818e-05,8.887027750186583e-05,0.6552015457672639,False,"11,23,37,53,71",5,54,0,10000
fraction_0_to_1,10000,cure_without_temporal,9.824089193807958e-05,6.514251645273177e-05,0.24147585241475852,4.1133495784450974e-07,-6.155310903431153e-05,both_absent,sequence_sampling_conditional_on_fixed_trained_seeds,camera_only,0.00011432935636674239,2.8941116103488643e-05,independent_training_seed_pooled_AP_not_frames,mean_seed_pooled_COCO_AP_difference,audited_exploratory_SEW_2D,all,1.0,3151,-1.6088464428662783e-05,5.371917725839008e-05,-0.2994920110424815,False,"11,23,37,53,71",5,54,0,10000
fraction_0_to_1,10000,cure_without_temporal,9.824089193807958e-05,6.514251645273177e-05,9.999000099990002e-05,-0.0003084176597917876,-0.0006643794009613544,both_absent,sequence_sampling_conditional_on_fixed_trained_seeds,radar_only,0.0005829230488470789,0.00011886347269729701,independent_training_seed_pooled_AP_not_frames,mean_seed_pooled_COCO_AP_difference,audited_exploratory_SEW_2D,all,0.027997200279972004,3151,-0.00048468215690899925,0.00010788082296141005,-4.492755464818566,False,"11,23,37,53,71",5,54,0,10000
fraction_0_to_1,10000,cure_without_temporal,9.824089193807958e-05,6.514251645273177e-05,0.528047195280472,9.414814796834538e-07,-0.00013740023070268358,both_absent,sequence_sampling_conditional_on_fixed_trained_seeds,concat_fusion,0.00011678102634406872,2.1769065734744855e-05,independent_training_seed_pooled_AP_not_frames,mean_seed_pooled_COCO_AP_difference,audited_exploratory_SEW_2D,all,1.0,3151,-1.8540134405989138e-05,8.46221853453015e-05,-0.2190930703377131,False,"11,23,37,53,71",5,54,0,10000
fraction_0_to_1,10000,cure_without_temporal,9.824089193807958e-05,6.514251645273177e-05,0.39916008399160086,1.0808577173194302e-06,-0.0001960846677650796,both_absent,sequence_sampling_conditional_on_fixed_trained_seeds,cross_attention,0.0001381240398766937,3.70936592706105e-05,independent_training_seed_pooled_AP_not_frames,mean_seed_pooled_COCO_AP_difference,audited_exploratory_SEW_2D,all,1.0,3151,-3.988314793861414e-05,4.897964719224463e-05,-0.8142800168011253,False,"11,23,37,53,71",5,54,0,10000
fraction_0_to_1,10000,cure_without_temporal,9.824089193807958e-05,6.514251645273177e-05,0.28717128287171284,1.3782672643111017e-07,-0.00028571951402055624,both_absent,sequence_sampling_conditional_on_fixed_trained_seeds,matched_corruption_fusion,0.00015873355517631547,3.383075781721526e-05,independent_training_seed_pooled_AP_not_frames,mean_seed_pooled_COCO_AP_difference,audited_exploratory_SEW_2D,all,1.0,3151,-6.049266323823586e-05,8.543470808740744e-05,-0.7080572356652333,False,"11,23,37,53,71",5,54,0,10000
fraction_0_to_1,10000,cure_without_temporal,9.824089193807958e-05,6.514251645273177e-05,9.999000099990002e-05,-0.0010107695037863637,-0.0020973094063292254,both_absent,sequence_sampling_conditional_on_fixed_trained_seeds,modality_dropout,0.0015428443011663085,6.462362321058377e-05,independent_training_seed_pooled_AP_not_frames,mean_seed_pooled_COCO_AP_difference,audited_exploratory_SEW_2D,all,0.027997200279972004,3151,-0.001444603409228229,0.00011944372257848603,-12.094427216792289,False,"11,23,37,53,71",5,54,0,10000
fraction_0_to_1,10000,cure_without_temporal,9.824089193807958e-05,6.514251645273177e-05,0.5085491450854914,3.8185963025095345e-05,-1.5135452627091632e-05,both_absent,sequence_sampling_conditional_on_fixed_trained_seeds,confidence_gate,8.704713203718767e-05,7.64295409728682e-05,independent_training_seed_pooled_AP_not_frames,mean_seed_pooled_COCO_AP_difference,audited_exploratory_SEW_2D,all,1.0,3151,1.1193759900891922e-05,7.650577364252025e-05,0.14631261626339107,False,"11,23,37,53,71",5,54,0,10000
fraction_0_to_1,10000,cure_without_temporal,9.824089193807958e-05,6.514251645273177e-05,0.6148385161483851,0.00010470041421817353,-2.6895697075934613e-06,both_absent,sequence_sampling_conditional_on_fixed_trained_seeds,cure_without_uncertainty,7.86579747620523e-05,4.81470658569951e-05,independent_training_seed_pooled_AP_not_frames,mean_seed_pooled_COCO_AP_difference,audited_exploratory_SEW_2D,all,1.0,3151,1.958291717602728e-05,0.00010381404300706303,0.18863456820282923,False,"11,23,37,53,71",5,54,0,10000
fraction_0_to_1,10000,cure_without_temporal,9.824089193807958e-05,6.514251645273177e-05,0.5542445755424458,9.281035782068016e-05,-2.28537340011101e-06,both_absent,sequence_sampling_conditional_on_fixed_trained_seeds,cure_without_signed_negative,7.57582672389044e-05,7.115475846841007e-05,independent_training_seed_pooled_AP_not_frames,mean_seed_pooled_COCO_AP_difference,audited_exploratory_SEW_2D,all,1.0,3151,2.2482624699175194e-05,8.55665722841036e-05,0.2627500915255428,False,"11,23,37,53,71",5,54,0,10000
fraction_0_to_1,10000,cure_without_temporal,7.150039612932028e-06,6.916677365201212e-06,0.7862213778622138,4.7473099254316155e-05,-4.19784772260379e-06,both_absent,sequence_sampling_conditional_on_fixed_trained_seeds,task_only_residual_controller,7.6394600632509e-06,5.988266576574067e-06,independent_training_seed_pooled_AP_not_frames,mean_seed_pooled_COCO_AP_difference,audited_exploratory_SEW_2D,natural_adverse,1.0,871,-4.894204503188719e-07,5.990137308647298e-06,-0.08170437923223392,False,"11,23,37,53,71",5,11,0,10000
fraction_0_to_1,10000,cure_without_temporal,7.150039612932028e-06,6.916677365201212e-06,0.6806319368063194,4.9205039703039915e-05,-1.1976156934310463e-05,both_absent,sequence_sampling_conditional_on_fixed_trained_seeds,camera_only,9.303786643593798e-06,4.41562163883394e-06,independent_training_seed_pooled_AP_not_frames,mean_seed_pooled_COCO_AP_difference,audited_exploratory_SEW_2D,natural_adverse,1.0,871,-2.1537470306617703e-06,8.743902249043822e-06,-0.24631417064358083,False,"11,23,37,53,71",5,11,0,10000
fraction_0_to_1,10000,cure_without_temporal,7.150039612932028e-06,6.916677365201212e-06,0.00019998000199980003,-0.00031189066885357875,-0.0006537128972929838,both_absent,sequence_sampling_conditional_on_fixed_trained_seeds,radar_only,0.00047424844872174523,5.832830294584043e-05,independent_training_seed_pooled_AP_not_frames,mean_seed_pooled_COCO_AP_difference,audited_exploratory_SEW_2D,natural_adverse,0.04659534046595341,871,-0.0004670984091088131,6.203299448481847e-05,-7.5298381609343,False,"11,23,37,53,71",5,11,0,10000
fraction_0_to_1,10000,cure_without_temporal,7.150039612932028e-06,6.916677365201212e-06,0.7629237076292371,4.903422301687628e-05,-3.947681980988188e-06,both_absent,sequence_sampling_conditional_on_fixed_trained_seeds,concat_fusion,6.6044227880336474e-06,1.6447107271877404e-06,independent_training_seed_pooled_AP_not_frames,mean_seed_pooled_COCO_AP_difference,audited_exploratory_SEW_2D,natural_adverse,1.0,871,5.456168248983805e-07,7.74792794354526e-06,0.07042099886240291,False,"11,23,37,53,71",5,11,0,10000
fraction_0_to_1,10000,cure_without_temporal,7.150039612932028e-06,6.916677365201212e-06,0.7621237876212379,4.919386388752268e-05,-4.072148860014484e-06,both_absent,sequence_sampling_conditional_on_fixed_trained_seeds,cross_attention,6.538862467258813e-06,2.7754095810579274e-06,independent_training_seed_pooled_AP_not_frames,mean_seed_pooled_COCO_AP_difference,audited_exploratory_SEW_2D,natural_adverse,1.0,871,6.111771456732141e-07,9.305260406890292e-06,0.06568082127187479,False,"11,23,37,53,71",5,11,0,10000
fraction_0_to_1,10000,cure_without_temporal,7.150039612932028e-06,6.916677365201212e-06,0.7835216478352165,4.85913579604194e-05,-8.441313464428086e-06,both_absent,sequence_sampling_conditional_on_fixed_trained_seeds,matched_corruption_fusion,7.834060207856968e-06,2.576007109423978e-06,independent_training_seed_pooled_AP_not_frames,mean_seed_pooled_COCO_AP_difference,audited_exploratory_SEW_2D,natural_adverse,1.0,871,-6.840205949249402e-07,6.8347040793093145e-06,-0.10008049902199487,False,"11,23,37,53,71",5,11,0,10000
fraction_0_to_1,10000,cure_without_temporal,7.150039612932028e-06,6.916677365201212e-06,0.004299570042995701,-0.0016423708299869691,-0.004423405437543055,both_absent,sequence_sampling_conditional_on_fixed_trained_seeds,modality_dropout,0.0023900568686291766,0.0004520510566289975,independent_training_seed_pooled_AP_not_frames,mean_seed_pooled_COCO_AP_difference,audited_exploratory_SEW_2D,natural_adverse,0.9545045495450456,871,-0.0023829068290162443,0.0004544700006418329,-5.2432653984882265,False,"11,23,37,53,71",5,11,0,10000
fraction_0_to_1,10000,cure_without_temporal,7.150039612932028e-06,6.916677365201212e-06,0.8451154884511549,4.515373126817155e-05,-9.686499437205153e-06,both_absent,sequence_sampling_conditional_on_fixed_trained_seeds,confidence_gate,7.549738043791628e-06,8.644891800190581e-06,independent_training_seed_pooled_AP_not_frames,mean_seed_pooled_COCO_AP_difference,audited_exploratory_SEW_2D,natural_adverse,1.0,871,-3.996984308595987e-07,7.76091073948088e-06,-0.05150148536386003,False,"11,23,37,53,71",5,11,0,10000
fraction_0_to_1,10000,cure_without_temporal,7.150039612932028e-06,6.916677365201212e-06,0.26007399260073993,-5.451283488110563e-07,-5.1807183171907594e-05,both_absent,sequence_sampling_conditional_on_fixed_trained_seeds,cure_without_uncertainty,1.1378456692051958e-05,9.072749899082452e-06,independent_training_seed_pooled_AP_not_frames,mean_seed_pooled_COCO_AP_difference,audited_exploratory_SEW_2D,natural_adverse,1.0,871,-4.228417079119931e-06,1.2588564888901898e-05,-0.3358934967120606,False,"11,23,37,53,71",5,11,0,10000
fraction_0_to_1,10000,cure_without_temporal,7.150039612932028e-06,6.916677365201212e-06,0.5592440755924407,4.93384833721495e-07,-3.064306824888208e-06,both_absent,sequence_sampling_conditional_on_fixed_trained_seeds,cure_without_signed_negative,7.4647873902762076e-06,1.151221036302037e-05,independent_training_seed_pooled_AP_not_frames,mean_seed_pooled_COCO_AP_difference,audited_exploratory_SEW_2D,natural_adverse,1.0,871,-3.147477773441807e-07,1.0924308137183706e-05,-0.02881168980146718,False,"11,23,37,53,71",5,11,0,10000
fraction_0_to_1,10000,cure_without_temporal,0.00010570413423625609,6.744447392949232e-05,0.4644535546445355,0.00034242919473226514,-2.5572032688262127e-06,both_absent,sequence_sampling_conditional_on_fixed_trained_seeds,task_only_residual_controller,4.1022230462955395e-05,5.7132640635746764e-05,independent_training_seed_pooled_AP_not_frames,mean_seed_pooled_COCO_AP_difference,audited_exploratory_SEW_2D,non_adverse,1.0,2280,6.46819037733007e-05,8.711574736479854e-05,0.7424823379227206,False,"11,23,37,53,71",5,43,0,10000
fraction_0_to_1,10000,cure_without_temporal,0.00010570413423625609,6.744447392949232e-05,0.35696430356964304,1.2191748673696222e-06,-7.948244371131707e-05,both_absent,sequence_sampling_conditional_on_fixed_trained_seeds,camera_only,0.00012078058074679254,2.2760370518015255e-05,independent_training_seed_pooled_AP_not_frames,mean_seed_pooled_COCO_AP_difference,audited_exploratory_SEW_2D,non_adverse,1.0,2280,-1.5076446510536447e-05,5.932383967259632e-05,-0.25413807659352783,False,"11,23,37,53,71",5,43,0,10000
fraction_0_to_1,10000,cure_without_temporal,0.00010570413423625609,6.744447392949232e-05,9.999000099990002e-05,-0.0003116960515414898,-0.0008179677106748765,both_absent,sequence_sampling_conditional_on_fixed_trained_seeds,radar_only,0.0006672145019614502,0.00013666715482183378,independent_training_seed_pooled_AP_not_frames,mean_seed_pooled_COCO_AP_difference,audited_exploratory_SEW_2D,non_adverse,0.027997200279972004,2280,-0.0005615103677251939,0.00011956581641913134,-4.696245001638683,False,"11,23,37,53,71",5,43,0,10000
fraction_0_to_1,10000,cure_without_temporal,0.00010570413423625609,6.744447392949232e-05,0.35276472352764726,1.5966119350493758e-06,-0.0001617426811102948,both_absent,sequence_sampling_conditional_on_fixed_trained_seeds,concat_fusion,0.00014444752774329844,2.583308193313656e-05,independent_training_seed_pooled_AP_not_frames,mean_seed_pooled_COCO_AP_difference,audited_exploratory_SEW_2D,non_adverse,1.0,2280,-3.8743393507042345e-05,9.05619912905651e-05,-0.4278107510107135,False,"11,23,37,53,71",5,43,0,10000
fraction_0_to_1,10000,cure_without_temporal,0.00010570413423625609,6.744447392949232e-05,0.35276472352764726,1.45607959314065e-06,-0.0002387584829603033,both_absent,sequence_sampling_conditional_on_fixed_trained_seeds,cross_attention,0.00015499802224006807,4.837793301221842e-05,independent_training_seed_pooled_AP_not_frames,mean_seed_pooled_COCO_AP_difference,audited_exploratory_SEW_2D,non_adverse,1.0,2280,-4.9293888003811966e-05,4.9933932853748516e-05,-0.9871821662473257,False,"11,23,37,53,71",5,43,0,10000
fraction_0_to_1,10000,cure_without_temporal,0.00010570413423625609,6.744447392949232e-05,0.35426457354264573,1.1322112727373756e-06,-0.0003492690531075379,both_absent,sequence_sampling_conditional_on_fixed_trained_seeds,matched_corruption_fusion,0.00017169216074388696,4.0561842050855916e-05,independent_training_seed_pooled_AP_not_frames,mean_seed_pooled_COCO_AP_difference,audited_exploratory_SEW_2D,non_adverse,1.0,2280,-6.598802650763087e-05,9.13676115521899e-05,-0.7222255828580786,False,"11,23,37,53,71",5,43,0,10000
fraction_0_to_1,10000,cure_without_temporal,0.00010570413423625609,6.744447392949232e-05,0.0005999400059994001,-0.0008604806407802532,-0.0021854313735550127,both_absent,sequence_sampling_conditional_on_fixed_trained_seeds,modality_dropout,0.0014754611120308323,9.50218642958637e-05,independent_training_seed_pooled_AP_not_frames,mean_seed_pooled_COCO_AP_difference,audited_exploratory_SEW_2D,non_adverse,0.1361863813618638,2280,-0.0013697569777945764,0.0001370330240736687,-9.995816607376318,False,"11,23,37,53,71",5,43,0,10000
fraction_0_to_1,10000,cure_without_temporal,0.00010570413423625609,6.744447392949232e-05,0.5917408259174083,4.2216693718397224e-05,-1.5105660087866904e-05,both_absent,sequence_sampling_conditional_on_fixed_trained_seeds,confidence_gate,9.61385634628831e-05,8.395353903175798e-05,independent_training_seed_pooled_AP_not_frames,mean_seed_pooled_COCO_AP_difference,audited_exploratory_SEW_2D,non_adverse,1.0,2280,9.565570773373004e-06,7.590744312902507e-05,0.12601624266428985,False,"11,23,37,53,71",5,43,0,10000
fraction_0_to_1,10000,cure_without_temporal,0.00010570413423625609,6.744447392949232e-05,0.583941605839416,0.00012702781367990743,-2.232891047535984e-06,both_absent,sequence_sampling_conditional_on_fixed_trained_seeds,cure_without_uncertainty,8.452545449992575e-05,4.988213406202015e-05,independent_training_seed_pooled_AP_not_frames,mean_seed_pooled_COCO_AP_difference,audited_exploratory_SEW_2D,non_adverse,1.0,2280,2.1178679736330346e-05,0.00010611717709763575,0.19957824280271208,False,"11,23,37,53,71",5,43,0,10000
fraction_0_to_1,10000,cure_without_temporal,0.00010570413423625609,6.744447392949232e-05,0.7398260173982601,0.0001132935340323257,-2.963935824752486e-06,both_absent,sequence_sampling_conditional_on_fixed_trained_seeds,cure_without_signed_negative,9.018109429330131e-05,8.562581671109503e-05,independent_training_seed_pooled_AP_not_frames,mean_seed_pooled_COCO_AP_difference,audited_exploratory_SEW_2D,non_adverse,1.0,2280,1.5523039942954777e-05,9.243674797398774e-05,0.16793148053329454,False,"11,23,37,53,71",5,43,0,10000
fraction_0_to_1,10000,cure_without_temporal,9.333076269382079e-07,9.188068259694093e-07,0.3174682531746825,0.0,-1.2183560589068616e-05,both_absent,sequence_sampling_conditional_on_fixed_trained_seeds,task_only_residual_controller,4.175432355067057e-06,2.861325826801881e-06,independent_training_seed_pooled_AP_not_frames,mean_seed_pooled_COCO_AP_difference,audited_exploratory_SEW_2D,rain,1.0,182,-3.242124728128849e-06,2.374143456351654e-06,-1.365597651420366,False,"11,23,37,53,71",5,4,0,10000
fraction_0_to_1,10000,cure_without_temporal,9.333076269382079e-07,9.188068259694093e-07,0.646035396460354,3.7989272507230764e-07,-5.640168064160589e-05,both_absent,sequence_sampling_conditional_on_fixed_trained_seeds,camera_only,1.0046047226519192e-05,8.957332023273305e-06,independent_training_seed_pooled_AP_not_frames,mean_seed_pooled_COCO_AP_difference,audited_exploratory_SEW_2D,rain,1.0,182,-9.112739599580984e-06,9.34290371657353e-06,-0.9753648197632333,False,"11,23,37,53,71",5,4,0,10000
fraction_0_to_1,10000,cure_without_temporal,9.333076269382079e-07,9.188068259694093e-07,0.034896510348965105,-0.000553251842220532,-0.001589146812121673,both_absent,sequence_sampling_conditional_on_fixed_trained_seeds,radar_only,0.0007858764364333087,0.00023715312278955398,independent_training_seed_pooled_AP_not_frames,mean_seed_pooled_COCO_AP_difference,audited_exploratory_SEW_2D,rain,1.0,182,-0.0007849431288063705,0.00023714352773768302,-3.3099917855427936,False,"11,23,37,53,71",5,4,0,10000
fraction_0_to_1,10000,cure_without_temporal,9.333076269382079e-07,9.188068259694093e-07,0.3792620737926207,0.0,-1.3697486822082529e-05,both_absent,sequence_sampling_conditional_on_fixed_trained_seeds,concat_fusion,4.201666125846507e-06,1.8704426259743863e-06,independent_training_seed_pooled_AP_not_frames,mean_seed_pooled_COCO_AP_difference,audited_exploratory_SEW_2D,rain,1.0,182,-3.268358498908299e-06,1.5006271628323085e-06,-2.1779950275853635,False,"11,23,37,53,71",5,4,0,10000
fraction_0_to_1,10000,cure_without_temporal,9.333076269382079e-07,9.188068259694093e-07,0.6882311768823117,3.3899777473204444e-07,-2.4837681483490945e-05,both_absent,sequence_sampling_conditional_on_fixed_trained_seeds,cross_attention,4.6976389171744805e-06,3.4575770153112256e-06,independent_training_seed_pooled_AP_not_frames,mean_seed_pooled_COCO_AP_difference,audited_exploratory_SEW_2D,rain,1.0,182,-3.7643312902362717e-06,3.6055927193109426e-06,-1.0440256521695177,False,"11,23,37,53,71",5,4,0,10000
fraction_0_to_1,10000,cure_without_temporal,9.333076269382079e-07,9.188068259694093e-07,0.5913408659134086,6.57913734981479e-07,-2.3638269529800422e-05,both_absent,sequence_sampling_conditional_on_fixed_trained_seeds,matched_corruption_fusion,7.365075789493384e-06,4.957489080988241e-06,independent_training_seed_pooled_AP_not_frames,mean_seed_pooled_COCO_AP_difference,audited_exploratory_SEW_2D,rain,1.0,182,-6.431768162555176e-06,5.006882723019409e-06,-1.2845853434882308,False,"11,23,37,53,71",5,4,0,10000
fraction_0_to_1,10000,cure_without_temporal,9.333076269382079e-07,9.188068259694093e-07,0.12868713128687131,-0.001520192050568281,-0.004629217508927964,both_absent,sequence_sampling_conditional_on_fixed_trained_seeds,modality_dropout,0.0020820953214877773,0.0004488634158303703,independent_training_seed_pooled_AP_not_frames,mean_seed_pooled_COCO_AP_difference,audited_exploratory_SEW_2D,rain,1.0,182,-0.002081162013860839,0.00044943649527047215,-4.630603067978246,False,"11,23,37,53,71",5,4,0,10000
fraction_0_to_1,10000,cure_without_temporal,9.333076269382079e-07,9.188068259694093e-07,0.3792620737926207,0.0,-2.9693526737419627e-05,both_absent,sequence_sampling_conditional_on_fixed_trained_seeds,confidence_gate,7.781188541671752e-06,8.276548799448484e-06,independent_training_seed_pooled_AP_not_frames,mean_seed_pooled_COCO_AP_difference,audited_exploratory_SEW_2D,rain,1.0,182,-6.847880914733544e-06,8.878804468385853e-06,-0.7712615971121249,False,"11,23,37,53,71",5,4,0,10000
fraction_0_to_1,10000,cure_without_temporal,9.333076269382079e-07,9.188068259694093e-07,0.6371362863713629,4.830199158304652e-07,-9.507772617266872e-06,both_absent,sequence_sampling_conditional_on_fixed_trained_seeds,cure_without_uncertainty,3.3295169466348587e-06,1.5731695165283736e-06,independent_training_seed_pooled_AP_not_frames,mean_seed_pooled_COCO_AP_difference,audited_exploratory_SEW_2D,rain,1.0,182,-2.396209319696651e-06,1.802316636059383e-06,-1.3295162857375415,False,"11,23,37,53,71",5,4,0,10000
fraction_0_to_1,10000,cure_without_temporal,9.333076269382079e-07,9.188068259694093e-07,0.5753424657534246,1.7554946984060104e-07,-5.084903563994713e-06,both_absent,sequence_sampling_conditional_on_fixed_trained_seeds,cure_without_signed_negative,2.3954008304056214e-06,3.570852726764276e-06,independent_training_seed_pooled_AP_not_frames,mean_seed_pooled_COCO_AP_difference,audited_exploratory_SEW_2D,rain,1.0,182,-1.4620932034674133e-06,4.1423793203879e-06,-0.3529597582411888,False,"11,23,37,53,71",5,4,0,10000
fraction_0_to_1,10000,cure_without_temporal,4.511156103015069e-07,8.170433793476181e-07,0.5266473352664733,7.09061474486338e-07,-3.091658507282475e-06,both_absent,sequence_sampling_conditional_on_fixed_trained_seeds,task_only_residual_controller,1.1093073634003879e-06,1.4488163523464793e-06,independent_training_seed_pooled_AP_not_frames,mean_seed_pooled_COCO_AP_difference,audited_exploratory_SEW_2D,snow,1.0,182,-6.581917530988809e-07,8.672451603978893e-07,-0.7589454322200018,False,"11,23,37,53,71",5,4,0,10000
fraction_0_to_1,10000,cure_without_temporal,4.511156103015069e-07,8.170433793476181e-07,0.5826417358264173,1.3470734828584898e-06,-5.754736122752846e-07,both_absent,sequence_sampling_conditional_on_fixed_trained_seeds,camera_only,1.7043862994836727e-07,9.444120554374702e-08,independent_training_seed_pooled_AP_not_frames,mean_seed_pooled_COCO_AP_difference,audited_exploratory_SEW_2D,snow,1.0,182,2.806769803531397e-07,7.344844362423014e-07,0.3821414947730033,False,"11,23,37,53,71",5,4,0,10000
fraction_0_to_1,10000,cure_without_temporal,4.511156103015069e-07,8.170433793476181e-07,0.0331966803319668,-0.00025257305252457526,-0.0008356816621428105,both_absent,sequence_sampling_conditional_on_fixed_trained_seeds,radar_only,0.0004090891915207549,0.00018709556076855737,independent_training_seed_pooled_AP_not_frames,mean_seed_pooled_COCO_AP_difference,audited_exploratory_SEW_2D,snow,1.0,182,-0.00040863807591045334,0.0001873654761712706,-2.180967829617222,False,"11,23,37,53,71",5,4,0,10000
fraction_0_to_1,10000,cure_without_temporal,4.511156103015069e-07,8.170433793476181e-07,0.7292270772922708,1.3470734828584898e-06,-8.895798726191175e-07,both_absent,sequence_sampling_conditional_on_fixed_trained_seeds,concat_fusion,2.674489301400298e-07,1.7238702565914058e-07,independent_training_seed_pooled_AP_not_frames,mean_seed_pooled_COCO_AP_difference,audited_exploratory_SEW_2D,snow,1.0,182,1.836666801614772e-07,8.775558744693963e-07,0.2092934313413708,False,"11,23,37,53,71",5,4,0,10000
fraction_0_to_1,10000,cure_without_temporal,4.511156103015069e-07,8.170433793476181e-07,0.6642335766423357,1.3470734828584898e-06,-6.301968816748435e-07,both_absent,sequence_sampling_conditional_on_fixed_trained_seeds,cross_attention,2.2239210256624467e-07,2.2372952989842836e-07,independent_training_seed_pooled_AP_not_frames,mean_seed_pooled_COCO_AP_difference,audited_exploratory_SEW_2D,snow,1.0,182,2.2872350773526228e-07,7.790657481658206e-07,0.2935869126241955,False,"11,23,37,53,71",5,4,0,10000
fraction_0_to_1,10000,cure_without_temporal,4.511156103015069e-07,8.170433793476181e-07,0.6812318768123188,7.613195432261161e-07,-9.846496930185682e-06,both_absent,sequence_sampling_conditional_on_fixed_trained_seeds,matched_corruption_fusion,1.188205992299866e-06,1.4696421922229167e-06,independent_training_seed_pooled_AP_not_frames,mean_seed_pooled_COCO_AP_difference,audited_exploratory_SEW_2D,snow,1.0,182,-7.370903819983591e-07,1.9211455314736174e-06,-0.38367232982759664,False,"11,23,37,53,71",5,4,0,10000
fraction_0_to_1,10000,cure_without_temporal,4.511156103015069e-07,8.170433793476181e-07,0.1282871712828717,-0.0006834190834643961,-0.005371613872737799,both_absent,sequence_sampling_conditional_on_fixed_trained_seeds,modality_dropout,0.002223130336369098,0.0003262686913301264,independent_training_seed_pooled_AP_not_frames,mean_seed_pooled_COCO_AP_difference,audited_exploratory_SEW_2D,snow,1.0,182,-0.002222679220758797,0.00032581249673615327,-6.821958160060228,False,"11,23,37,53,71",5,4,0,10000
fraction_0_to_1,10000,cure_without_temporal,4.511156103015069e-07,8.170433793476181e-07,0.40335966403359663,8.50127236509717e-07,-2.5653794158334553e-05,both_absent,sequence_sampling_conditional_on_fixed_trained_seeds,confidence_gate,3.5510330335442617e-06,4.512029058096278e-06,independent_training_seed_pooled_AP_not_frames,mean_seed_pooled_COCO_AP_difference,audited_exploratory_SEW_2D,snow,1.0,182,-3.099917423242755e-06,4.5078536187208544e-06,-0.6876703827224953,False,"11,23,37,53,71",5,4,0,10000
fraction_0_to_1,10000,cure_without_temporal,4.511156103015069e-07,8.170433793476181e-07,0.25277472252774724,-2.172031875002172e-07,-5.404881951455598e-06,both_absent,sequence_sampling_conditional_on_fixed_trained_seeds,cure_without_uncertainty,1.1675125537546678e-06,9.890063896297266e-07,independent_training_seed_pooled_AP_not_frames,mean_seed_pooled_COCO_AP_difference,audited_exploratory_SEW_2D,snow,1.0,182,-7.163969434531608e-07,1.5881936042686845e-06,-0.45107658255747735,False,"11,23,37,53,71",5,4,0,10000
fraction_0_to_1,10000,cure_without_temporal,4.511156103015069e-07,8.170433793476181e-07,0.6791320867913209,1.201363547626556e-06,-1.2717602184735953e-06,both_absent,sequence_sampling_conditional_on_fixed_trained_seeds,cure_without_signed_negative,2.250165132760435e-07,2.1932535895287058e-07,independent_training_seed_pooled_AP_not_frames,mean_seed_pooled_COCO_AP_difference,audited_exploratory_SEW_2D,snow,1.0,182,2.2609909702546342e-07,8.401088571273849e-07,0.26913071455831616,False,"11,23,37,53,71",5,4,0,10000
fraction_0_to_1,10000,cure_without_temporal,9.247641471998319e-06,9.440418649017537e-06,0.7735226477352265,6.348364146432949e-05,-4.051748841591708e-06,both_absent,sequence_sampling_conditional_on_fixed_trained_seeds,task_only_residual_controller,9.300034223100547e-06,7.642387639065348e-06,independent_training_seed_pooled_AP_not_frames,mean_seed_pooled_COCO_AP_difference,audited_exploratory_SEW_2D,night,1.0,507,-5.239275110222962e-08,7.926640852015377e-06,-0.006609704171081319,False,"11,23,37,53,71",5,3,0,10000
fraction_0_to_1,10000,cure_without_temporal,9.247641471998319e-06,9.440418649017537e-06,0.7735226477352265,6.558734735632428e-05,-7.078865709246615e-06,both_absent,sequence_sampling_conditional_on_fixed_trained_seeds,camera_only,9.694803716185819e-06,5.034475616576502e-06,independent_training_seed_pooled_AP_not_frames,mean_seed_pooled_COCO_AP_difference,audited_exploratory_SEW_2D,night,1.0,507,-4.4716224418750014e-07,1.0738962164785853e-05,-0.04163924197943359,False,"11,23,37,53,71",5,3,0,10000
fraction_0_to_1,10000,cure_without_temporal,9.247641471998319e-06,9.440418649017537e-06,0.0382961703829617,-0.000368501955104113,-0.0024518556584494765,both_absent,sequence_sampling_conditional_on_fixed_trained_seeds,radar_only,0.0005435675322492388,5.166246027420605e-05,independent_training_seed_pooled_AP_not_frames,mean_seed_pooled_COCO_AP_difference,audited_exploratory_SEW_2D,night,1.0,507,-0.0005343198907772405,5.193443344826383e-05,-10.28835505271316,False,"11,23,37,53,71",5,3,0,10000
fraction_0_to_1,10000,cure_without_temporal,9.247641471998319e-06,9.440418649017537e-06,0.6701329867013298,6.534110463750796e-05,-2.7927973564862265e-06,both_absent,sequence_sampling_conditional_on_fixed_trained_seeds,concat_fusion,8.469840785889343e-06,2.372501832950814e-06,independent_training_seed_pooled_AP_not_frames,mean_seed_pooled_COCO_AP_difference,audited_exploratory_SEW_2D,night,1.0,507,7.778006861089745e-07,1.1057909401867264e-05,0.07033885500794873,False,"11,23,37,53,71",5,3,0,10000
fraction_0_to_1,10000,cure_without_temporal,9.247641471998319e-06,9.440418649017537e-06,0.5223477652234777,6.539131471869605e-05,-8.352336529899255e-08,both_absent,sequence_sampling_conditional_on_fixed_trained_seeds,cross_attention,7.657833533745074e-06,2.561517256662384e-06,independent_training_seed_pooled_AP_not_frames,mean_seed_pooled_COCO_AP_difference,audited_exploratory_SEW_2D,night,1.0,507,1.5898079382532438e-06,1.1590445824039101e-05,0.13716538279795168,False,"11,23,37,53,71",5,3,0,10000
fraction_0_to_1,10000,cure_without_temporal,9.247641471998319e-06,9.440418649017537e-06,0.7735226477352265,6.52331774192455e-05,-4.230870704145013e-06,both_absent,sequence_sampling_conditional_on_fixed_trained_seeds,matched_corruption_fusion,8.973410554461005e-06,4.2090511738678055e-06,independent_training_seed_pooled_AP_not_frames,mean_seed_pooled_COCO_AP_difference,audited_exploratory_SEW_2D,night,1.0,507,2.7423091753731406e-07,1.0263701835971877e-05,0.026718519489352152,False,"11,23,37,53,71",5,3,0,10000
fraction_0_to_1,10000,cure_without_temporal,9.247641471998319e-06,9.440418649017537e-06,0.0382961703829617,-0.0022152816703780286,-0.005506099419675918,both_absent,sequence_sampling_conditional_on_fixed_trained_seeds,modality_dropout,0.0026383861185115217,0.000493343822055093,independent_training_seed_pooled_AP_not_frames,mean_seed_pooled_COCO_AP_difference,audited_exploratory_SEW_2D,night,1.0,507,-0.0026291384770395234,0.0004961727617949028,-5.2988367751761025,False,"11,23,37,53,71",5,3,0,10000
fraction_0_to_1,10000,cure_without_temporal,9.247641471998319e-06,9.440418649017537e-06,0.7735226477352265,5.762278804637818e-05,-2.7382661485131776e-06,both_absent,sequence_sampling_conditional_on_fixed_trained_seeds,confidence_gate,9.201023821578572e-06,1.2366486677702622e-05,independent_training_seed_pooled_AP_not_frames,mean_seed_pooled_COCO_AP_difference,audited_exploratory_SEW_2D,night,1.0,507,4.6617650419746305e-08,8.24414469794718e-06,0.005654637579487689,False,"11,23,37,53,71",5,3,0,10000
fraction_0_to_1,10000,cure_without_temporal,9.247641471998319e-06,9.440418649017537e-06,0.5213478652134786,0.0,-6.642503747910741e-05,both_absent,sequence_sampling_conditional_on_fixed_trained_seeds,cure_without_uncertainty,1.251671613086377e-05,9.66160176394966e-06,independent_training_seed_pooled_AP_not_frames,mean_seed_pooled_COCO_AP_difference,audited_exploratory_SEW_2D,night,1.0,507,-3.2690746588654533e-06,1.5643295180018994e-05,-0.20897608983566365,False,"11,23,37,53,71",5,3,0,10000
fraction_0_to_1,10000,cure_without_temporal,9.247641471998319e-06,9.440418649017537e-06,0.6232376762323768,0.0,-5.202735169697456e-06,both_absent,sequence_sampling_conditional_on_fixed_trained_seeds,cure_without_signed_negative,9.457757232190503e-06,1.5507477426907527e-05,independent_training_seed_pooled_AP_not_frames,mean_seed_pooled_COCO_AP_difference,audited_exploratory_SEW_2D,night,1.0,507,-2.1011576019218413e-07,1.6408371520926226e-05,-0.012805399970631787,False,"11,23,37,53,71",5,3,0,10000
